"Date","Price","Open","High","Low","Vol.","Change %"
"20-03-2026","4,471.82","4,554.21","4,554.21","4,445.82","","-1.81%"
"19-03-2026","4,554.16","4,571.90","4,573.69","4,520.69","","-0.39%"
"18-03-2026","4,571.88","4,640.07","4,640.07","4,570.09","","-1.47%"
"17-03-2026","4,640.07","4,634.78","4,675.77","4,633.72","","0.12%"
"16-03-2026","4,634.69","4,580.90","4,662.18","4,580.90","","1.18%"
"13-03-2026","4,580.70","4,633.32","4,672.96","4,574.63","","-1.13%"
"12-03-2026","4,632.90","4,717.71","4,717.71","4,631.63","","-1.79%"
"11-03-2026","4,717.41","4,717.57","4,756.14","4,694.08","","0.00%"
"10-03-2026","4,717.53","4,727.53","4,757.23","4,697.55","","-0.21%"
"09-03-2026","4,727.50","4,672.19","4,737.59","4,607.95","","1.19%"
"06-03-2026","4,671.89","4,735.16","4,735.16","4,656.45","","-1.33%"
"05-03-2026","4,734.90","4,735.73","4,754.97","4,682.85","","-0.02%"
"04-03-2026","4,735.67","4,687.77","4,753.10","4,687.77","","1.02%"
"03-03-2026","4,687.70","4,720.48","4,720.48","4,602.83","","-0.69%"
"02-03-2026","4,720.47","4,705.13","4,734.48","4,639.56","","0.33%"
"27-02-2026","4,705.01","4,745.43","4,745.43","4,673.71","","-0.85%"
"26-02-2026","4,745.40","4,788.79","4,790.19","4,699.99","","-0.91%"
"25-02-2026","4,788.77","4,728.44","4,794.56","4,728.44","","1.28%"
"24-02-2026","4,728.43","4,679.77","4,733.92","4,654.40","","1.04%"
"23-02-2026","4,679.75","4,742.54","4,743.12","4,662.76","","-1.32%"
"20-02-2026","4,742.53","4,708.93","4,759.64","4,683.21","","0.71%"
"19-02-2026","4,708.90","4,725.38","4,725.38","4,686.96","","-0.33%"
"18-02-2026","4,724.38","4,694.91","4,752.23","4,693.10","","0.63%"
"17-02-2026","4,694.91","4,674.02","4,716.91","4,628.24","","0.45%"
"13-02-2026","4,673.96","4,690.98","4,717.36","4,660.76","","-0.35%"
"12-02-2026","4,690.47","4,784.96","4,805.14","4,681.59","","-1.97%"
"11-02-2026","4,784.92","4,799.94","4,836.85","4,761.54","","-0.31%"
"10-02-2026","4,799.93","4,818.40","4,844.25","4,796.91","","-0.38%"
"09-02-2026","4,818.21","4,774.16","4,834.47","4,755.97","","0.94%"
"06-02-2026","4,773.39","4,661.24","4,783.44","4,661.24","","2.41%"
"05-02-2026","4,661.23","4,740.84","4,740.84","4,648.55","","-1.68%"
"04-02-2026","4,740.84","4,797.44","4,797.44","4,695.68","","-1.18%"
"03-02-2026","4,797.44","4,883.55","4,896.88","4,756.96","","-1.76%"
"02-02-2026","4,883.55","4,868.56","4,903.78","4,850.77","","0.31%"
"30-01-2026","4,868.49","4,907.84","4,907.84","4,846.12","","-0.80%"
"29-01-2026","4,907.63","4,944.44","4,944.44","4,817.84","","-0.74%"
"28-01-2026","4,944.40","4,955.56","4,977.92","4,926.46","","-0.22%"
"27-01-2026","4,955.54","4,921.85","4,970.21","4,921.85","","0.68%"
"26-01-2026","4,921.85","4,891.85","4,937.13","4,891.85","","0.61%"
"23-01-2026","4,891.85","4,869.61","4,909.89","4,858.39","","0.46%"
"22-01-2026","4,869.60","4,831.59","4,882.03","4,831.59","","0.79%"
"21-01-2026","4,831.59","4,791.31","4,866.32","4,776.38","","0.84%"
"20-01-2026","4,791.28","4,915.51","4,915.51","4,783.31","","-2.53%"
"16-01-2026","4,915.46","4,917.57","4,944.01","4,902.77","","-0.03%"
"15-01-2026","4,917.07","4,909.24","4,955.44","4,909.06","","0.16%"
"14-01-2026","4,909.24","4,972.32","4,972.32","4,872.98","","-1.27%"
"13-01-2026","4,972.32","4,985.90","4,992.31","4,947.96","","-0.27%"
"12-01-2026","4,985.90","4,974.64","5,001.25","4,949.79","","0.23%"
"09-01-2026","4,974.64","4,943.77","4,984.69","4,932.69","","0.63%"
"08-01-2026","4,943.43","4,981.84","4,981.84","4,926.13","","-0.77%"
"07-01-2026","4,981.84","4,970.13","5,017.69","4,966.00","","0.24%"
"06-01-2026","4,970.13","4,946.93","4,973.90","4,936.60","","0.47%"
"05-01-2026","4,946.93","4,930.07","4,969.13","4,930.07","","0.34%"
"02-01-2026","4,930.04","4,943.38","4,999.19","4,903.25","","-0.27%"
"31-12-2025","4,943.21","4,981.70","4,988.54","4,942.40","","-0.77%"
"30-12-2025","4,981.64","4,991.59","4,999.23","4,980.16","","-0.20%"
"29-12-2025","4,991.58","5,018.41","5,018.41","4,977.88","","-0.53%"
"26-12-2025","5,018.21","5,018.94","5,034.28","5,014.28","","-0.01%"
"24-12-2025","5,018.89","5,007.46","5,022.31","5,001.05","","0.23%"
"23-12-2025","5,007.46","4,976.48","5,007.92","4,968.25","","0.62%"
"22-12-2025","4,976.46","4,946.96","4,980.65","4,946.96","","0.61%"
"19-12-2025","4,946.48","4,880.93","4,946.91","4,880.93","","1.34%"
"18-12-2025","4,880.93","4,818.28","4,909.62","4,818.28","","1.30%"
"17-12-2025","4,818.27","4,908.23","4,912.96","4,817.84","","-1.83%"
"16-12-2025","4,908.19","4,895.33","4,918.04","4,867.05","","0.26%"
"15-12-2025","4,895.28","4,919.58","4,948.61","4,884.85","","-0.49%"
"12-12-2025","4,919.36","4,998.08","4,998.08","4,895.87","","-1.57%"
"11-12-2025","4,997.94","5,003.10","5,003.10","4,931.82","","-0.10%"
"10-12-2025","5,003.10","4,992.91","5,014.15","4,960.32","","0.20%"
"09-12-2025","4,992.88","4,991.89","5,001.88","4,974.18","","0.02%"
"08-12-2025","4,991.89","4,996.81","5,017.60","4,971.64","","-0.09%"
"05-12-2025","4,996.59","4,983.45","5,016.34","4,980.11","","0.27%"
"04-12-2025","4,983.21","4,972.40","4,989.68","4,955.13","","0.22%"
"03-12-2025","4,972.04","4,976.66","4,984.80","4,941.07","","-0.09%"
"02-12-2025","4,976.61","4,954.57","5,004.40","4,954.57","","0.45%"
"01-12-2025","4,954.54","4,974.26","4,974.26","4,920.97","","-0.39%"
"28-11-2025","4,974.04","4,951.83","4,974.04","4,949.66","","0.45%"
"26-11-2025","4,951.81","4,914.57","4,967.45","4,914.57","","0.76%"
"25-11-2025","4,914.57","4,880.53","4,923.81","4,817.48","","0.70%"
"24-11-2025","4,880.53","4,772.59","4,887.28","4,772.59","","2.26%"
"21-11-2025","4,772.55","4,746.28","4,827.73","4,703.45","","0.56%"
"20-11-2025","4,746.10","4,844.78","4,962.86","4,739.22","","-2.02%"
"19-11-2025","4,843.75","4,807.18","4,885.39","4,805.17","","0.76%"
"18-11-2025","4,807.17","4,868.38","4,868.38","4,768.52","","-1.26%"
"17-11-2025","4,868.38","4,912.73","4,932.37","4,836.87","","-0.90%"
"14-11-2025","4,912.64","4,903.05","4,948.49","4,816.66","","0.20%"
"13-11-2025","4,902.73","5,008.88","5,008.88","4,887.33","","-2.12%"
"12-11-2025","5,008.83","5,018.35","5,038.00","4,980.18","","-0.19%"
"11-11-2025","5,018.17","5,026.15","5,026.42","4,981.94","","-0.16%"
"10-11-2025","5,026.15","4,917.87","5,034.14","4,917.87","","2.21%"
"07-11-2025","4,917.24","4,926.69","4,926.69","4,830.11","","-0.19%"
"06-11-2025","4,926.65","5,008.89","5,008.89","4,914.00","","-1.64%"
"05-11-2025","5,008.89","4,999.19","5,043.82","4,982.48","","0.19%"
"04-11-2025","4,999.19","5,087.53","5,087.53","4,995.83","","-1.74%"
"03-11-2025","5,087.51","5,066.07","5,114.46","5,066.07","","0.43%"
"31-10-2025","5,065.85","5,050.80","5,107.63","5,047.14","","0.30%"
"30-10-2025","5,050.56","5,127.75","5,127.75","5,048.55","","-1.51%"
"29-10-2025","5,127.75","5,104.14","5,142.92","5,089.35","","0.46%"
"28-10-2025","5,104.14","5,061.92","5,121.75","5,061.92","","0.83%"
"27-10-2025","5,061.88","4,976.53","5,065.15","4,976.53","","1.72%"
"24-10-2025","4,976.52","4,932.63","4,991.27","4,932.63","","0.89%"
"23-10-2025","4,932.63","4,891.34","4,942.05","4,889.59","","0.84%"
"22-10-2025","4,891.34","4,928.34","4,937.57","4,848.10","","-0.75%"
"21-10-2025","4,928.34","4,929.87","4,940.16","4,914.72","","-0.03%"
"20-10-2025","4,929.86","4,874.24","4,940.13","4,874.24","","1.14%"
"17-10-2025","4,874.21","4,850.07","4,885.30","4,814.98","","0.50%"
"16-10-2025","4,850.03","4,872.81","4,911.27","4,817.02","","-0.47%"
"15-10-2025","4,872.81","4,850.48","4,916.02","4,828.18","","0.47%"
"14-10-2025","4,850.03","4,889.30","4,889.30","4,787.99","","-0.80%"
"13-10-2025","4,889.30","4,792.85","4,899.50","4,792.85","","2.01%"
"10-10-2025","4,792.85","4,951.45","4,973.34","4,790.98","","-3.20%"
"09-10-2025","4,951.40","4,954.51","4,961.03","4,929.47","","-0.06%"
"08-10-2025","4,954.22","4,905.86","4,954.65","4,905.86","","0.99%"
"07-10-2025","4,905.86","4,932.48","4,942.63","4,887.69","","-0.54%"
"06-10-2025","4,932.48","4,902.19","4,943.23","4,901.55","","0.62%"
"03-10-2025","4,902.19","4,920.84","4,933.19","4,886.18","","-0.38%"
"02-10-2025","4,920.77","4,914.69","4,940.46","4,901.29","","0.12%"
"01-10-2025","4,914.68","4,888.30","4,922.97","4,859.42","","0.54%"
"30-09-2025","4,888.28","4,865.65","4,890.14","4,844.61","","0.47%"
"29-09-2025","4,865.46","4,847.21","4,888.96","4,847.21","","0.38%"
"26-09-2025","4,847.15","4,827.32","4,849.56","4,807.32","","0.41%"
"25-09-2025","4,827.32","4,854.47","4,854.47","4,788.89","","-0.56%"
"24-09-2025","4,854.43","4,877.51","4,894.06","4,833.13","","-0.47%"
"23-09-2025","4,877.46","4,930.86","4,933.37","4,868.39","","-1.08%"
"22-09-2025","4,930.84","4,888.58","4,934.05","4,881.16","","0.88%"
"19-09-2025","4,888.04","4,841.59","4,892.02","4,841.59","","0.96%"
"18-09-2025","4,841.55","4,812.82","4,863.76","4,812.82","","0.60%"
"17-09-2025","4,812.82","4,833.05","4,834.45","4,769.99","","-0.42%"
"16-09-2025","4,833.04","4,840.67","4,850.33","4,828.59","","-0.16%"
"15-09-2025","4,840.59","4,796.26","4,841.47","4,796.26","","0.93%"
"12-09-2025","4,796.04","4,779.71","4,806.32","4,775.12","","0.34%"
"11-09-2025","4,779.57","4,755.35","4,786.50","4,755.35","","0.51%"
"10-09-2025","4,755.29","4,722.26","4,779.78","4,722.26","","0.70%"
"09-09-2025","4,722.26","4,707.29","4,724.85","4,692.05","","0.32%"
"08-09-2025","4,707.26","4,680.30","4,725.39","4,680.30","","0.58%"
"05-09-2025","4,680.09","4,690.63","4,727.28","4,644.50","","-0.22%"
"04-09-2025","4,690.46","4,648.48","4,690.70","4,642.85","","0.91%"
"03-09-2025","4,648.18","4,604.24","4,660.49","4,604.24","","0.95%"
"02-09-2025","4,604.23","4,641.91","4,641.91","4,552.21","","-0.81%"
"29-08-2025","4,641.70","4,697.80","4,697.80","4,627.85","","-1.19%"
"28-08-2025","4,697.76","4,668.59","4,705.51","4,658.43","","0.63%"
"27-08-2025","4,668.58","4,658.86","4,675.46","4,644.69","","0.21%"
"26-08-2025","4,658.86","4,630.32","4,660.55","4,620.02","","0.62%"
"25-08-2025","4,630.32","4,639.69","4,657.91","4,622.97","","-0.20%"
"22-08-2025","4,639.66","4,569.57","4,655.90","4,565.45","","1.54%"
"21-08-2025","4,569.42","4,587.90","4,594.24","4,552.58","","-0.38%"
"20-08-2025","4,586.94","4,613.46","4,613.46","4,527.89","","-0.57%"
"19-08-2025","4,613.46","4,680.50","4,680.50","4,604.67","","-1.43%"
"18-08-2025","4,680.49","4,678.96","4,684.95","4,663.73","","0.03%"
"15-08-2025","4,678.88","4,692.52","4,698.00","4,666.41","","-0.28%"
"14-08-2025","4,692.20","4,686.85","4,706.78","4,673.34","","0.12%"
"13-08-2025","4,686.77","4,691.70","4,718.70","4,672.73","","-0.11%"
"12-08-2025","4,691.70","4,636.28","4,692.13","4,634.28","","1.20%"
"11-08-2025","4,636.13","4,647.69","4,670.40","4,627.90","","-0.24%"
"08-08-2025","4,647.09","4,607.31","4,652.24","4,607.31","","0.86%"
"07-08-2025","4,607.29","4,613.14","4,649.86","4,572.87","","-0.13%"
"06-08-2025","4,613.13","4,553.06","4,616.37","4,553.06","","1.32%"
"05-08-2025","4,553.06","4,589.68","4,602.48","4,547.32","","-0.80%"
"04-08-2025","4,589.66","4,501.65","4,590.02","4,501.65","","1.96%"
"01-08-2025","4,501.48","4,590.51","4,590.51","4,481.89","","-1.94%"
"31-07-2025","4,590.38","4,586.40","4,659.39","4,581.71","","0.09%"
"30-07-2025","4,586.29","4,575.15","4,602.77","4,558.76","","0.24%"
"29-07-2025","4,575.15","4,600.13","4,626.22","4,572.16","","-0.54%"
"28-07-2025","4,600.09","4,581.50","4,603.34","4,581.50","","0.41%"
"25-07-2025","4,581.50","4,559.48","4,592.77","4,559.48","","0.48%"
"24-07-2025","4,559.48","4,544.81","4,571.22","4,544.81","","0.32%"
"23-07-2025","4,544.81","4,508.16","4,546.27","4,508.16","","0.81%"
"22-07-2025","4,508.16","4,535.03","4,538.42","4,482.61","","-0.59%"
"21-07-2025","4,535.03","4,525.03","4,556.53","4,525.03","","0.22%"
"18-07-2025","4,524.99","4,523.54","4,535.76","4,511.98","","0.03%"
"17-07-2025","4,523.48","4,495.24","4,531.01","4,495.24","","0.63%"
"16-07-2025","4,495.24","4,480.06","4,498.72","4,448.03","","0.34%"
"15-07-2025","4,480.06","4,469.04","4,509.33","4,469.04","","0.26%"
"14-07-2025","4,468.60","4,455.93","4,475.66","4,436.43","","0.28%"
"11-07-2025","4,455.93","4,467.55","4,468.52","4,440.91","","-0.26%"
"10-07-2025","4,467.55","4,469.03","4,478.06","4,441.30","","-0.03%"
"09-07-2025","4,468.83","4,426.09","4,473.81","4,426.09","","0.97%"
"08-07-2025","4,426.00","4,430.37","4,440.21","4,417.34","","-0.10%"
"07-07-2025","4,430.37","4,462.93","4,462.93","4,408.45","","-0.73%"
"03-07-2025","4,462.87","4,412.84","4,467.03","4,412.84","","1.14%"
"02-07-2025","4,412.75","4,376.95","4,413.47","4,372.45","","0.82%"
"01-07-2025","4,376.95","4,423.40","4,423.40","4,359.92","","-1.05%"
"30-06-2025","4,423.39","4,412.42","4,433.68","4,398.76","","0.68%"
"27-06-2025","4,393.49","4,367.06","4,402.52","4,357.14","","0.61%"
"26-06-2025","4,367.06","4,326.77","4,372.23","4,326.77","","0.93%"
"25-06-2025","4,326.77","4,311.97","4,343.12","4,311.97","","0.34%"
"24-06-2025","4,311.97","4,251.36","4,318.89","4,251.36","","1.43%"
"23-06-2025","4,251.35","4,205.78","4,254.04","4,186.43","","1.08%"
"20-06-2025","4,205.78","4,229.44","4,256.82","4,193.87","","-0.55%"
"18-06-2025","4,229.05","4,235.47","4,261.20","4,219.61","","-0.15%"
"17-06-2025","4,235.37","4,271.76","4,271.76","4,228.74","","-0.85%"
"16-06-2025","4,271.72","4,221.21","4,283.43","4,221.21","","1.21%"
"13-06-2025","4,220.67","4,275.08","4,275.08","4,209.50","","-1.26%"
"12-06-2025","4,274.69","4,256.57","4,281.02","4,249.38","","0.43%"
"11-06-2025","4,256.54","4,272.24","4,294.14","4,243.09","","-0.37%"
"10-06-2025","4,272.19","4,246.46","4,274.89","4,232.74","","0.61%"
"09-06-2025","4,246.45","4,242.34","4,255.91","4,236.06","","0.10%"
"06-06-2025","4,242.00","4,198.11","4,256.55","4,198.11","","1.05%"
"05-06-2025","4,197.75","4,227.44","4,259.31","4,182.34","","-0.69%"
"04-06-2025","4,227.04","4,211.39","4,234.18","4,208.93","","0.37%"
"03-06-2025","4,211.37","4,183.51","4,222.98","4,179.92","","0.67%"
"02-06-2025","4,183.50","4,158.39","4,183.98","4,127.03","","0.61%"
"30-05-2025","4,158.27","4,159.34","4,167.56","4,099.64","","-0.02%"
"29-05-2025","4,159.24","4,145.67","4,201.80","4,139.26","","0.33%"
"28-05-2025","4,145.66","4,162.97","4,183.06","4,141.72","","-0.42%"
"27-05-2025","4,162.95","4,064.23","4,165.66","4,064.23","","2.43%"
"23-05-2025","4,064.22","4,106.18","4,106.18","4,041.09","","-1.02%"
"22-05-2025","4,106.16","4,094.94","4,135.33","4,088.23","","0.28%"
"21-05-2025","4,094.88","4,156.94","4,172.95","4,080.29","","-1.49%"
"20-05-2025","4,156.93","4,178.76","4,178.76","4,130.41","","-0.52%"
"19-05-2025","4,178.76","4,177.39","4,181.69","4,121.98","","0.03%"
"16-05-2025","4,177.34","4,154.27","4,177.34","4,140.18","","0.57%"
"15-05-2025","4,153.74","4,158.44","4,172.41","4,122.50","","-0.09%"
"14-05-2025","4,157.52","4,128.41","4,165.51","4,128.41","","0.71%"
"13-05-2025","4,128.39","4,066.25","4,141.13","4,066.25","","1.53%"
"12-05-2025","4,066.10","3,901.19","4,066.54","3,901.19","","4.24%"
"09-05-2025","3,900.62","3,903.91","3,932.51","3,886.42","","-0.08%"
"08-05-2025","3,903.90","3,874.94","3,941.96","3,874.94","","0.75%"
"07-05-2025","3,874.94","3,862.40","3,892.08","3,824.94","","0.32%"
"06-05-2025","3,862.39","3,898.18","3,898.18","3,844.01","","-0.92%"
"05-05-2025","3,898.16","3,912.01","3,923.94","3,896.60","","-0.67%"
"02-05-2025","3,924.46","3,820.26","3,939.51","3,820.26","","1.49%"
"01-05-2025","3,866.84","3,820.26","3,913.91","3,820.26","","1.22%"
"30-04-2025","3,820.25","3,816.21","3,828.08","3,712.54","","0.11%"
"29-04-2025","3,816.14","3,797.27","3,823.53","3,743.34","","0.63%"
"28-04-2025","3,792.13","3,797.27","3,812.54","3,743.34","","-0.13%"
"25-04-2025","3,797.17","3,740.46","3,801.32","3,735.13","","1.52%"
"24-04-2025","3,740.43","3,637.47","3,742.55","3,637.47","","2.83%"
"23-04-2025","3,637.47","3,552.55","3,707.64","3,552.55","","2.39%"
"22-04-2025","3,552.52","3,458.26","3,574.67","3,458.26","","2.73%"
"21-04-2025","3,458.26","3,570.90","3,585.98","3,416.13","","-2.75%"
"17-04-2025","3,556.05","3,552.99","3,585.98","3,534.77","","0.09%"
"16-04-2025","3,552.94","3,664.04","3,664.04","3,503.17","","-3.03%"
"15-04-2025","3,664.04","3,664.71","3,697.29","3,650.56","","-0.01%"
"14-04-2025","3,664.53","3,646.31","3,732.82","3,631.31","","0.50%"
"11-04-2025","3,646.31","3,575.48","3,654.04","3,544.03","","1.98%"
"10-04-2025","3,575.36","3,725.47","3,725.47","3,462.87","","-4.02%"
"09-04-2025","3,725.26","3,331.88","3,739.97","3,331.88","","11.81%"
"08-04-2025","3,331.79","3,392.84","3,555.56","3,283.31","","-1.80%"
"07-04-2025","3,392.84","3,389.67","3,531.03","3,210.20","","0.09%"
"04-04-2025","3,389.67","3,602.38","3,602.38","3,388.06","","-5.90%"
"03-04-2025","3,602.32","3,818.93","3,818.93","3,598.12","","-5.67%"
"02-04-2025","3,818.91","3,786.17","3,843.61","3,730.43","","0.86%"
"01-04-2025","3,786.17","3,753.78","3,796.70","3,722.43","","0.86%"
"31-03-2025","3,753.77","3,750.50","3,761.47","3,650.27","","0.09%"
"28-03-2025","3,750.45","3,850.14","3,850.14","3,741.48","","-2.59%"
"27-03-2025","3,850.14","3,869.78","3,887.10","3,835.31","","-0.51%"
"26-03-2025","3,869.77","3,954.51","3,954.51","3,856.62","","-2.14%"
"25-03-2025","3,954.51","3,936.99","3,957.68","3,933.55","","2.73%"
"21-03-2025","3,849.25","3,802.25","3,852.99","3,782.56","","0.53%"
"20-03-2025","3,828.81","3,828.08","3,876.12","3,804.32","","-0.21%"
"19-03-2025","3,837.00","3,795.72","3,872.69","3,787.61","","1.50%"
"18-03-2025","3,780.22","3,839.34","3,839.34","3,763.61","","-1.73%"
"17-03-2025","3,846.85","3,832.13","3,872.20","3,814.27","","0.24%"
"14-03-2025","3,837.75","3,766.08","3,841.56","3,766.08","","2.58%"
"13-03-2025","3,741.20","3,819.66","3,819.66","3,728.68","","-2.16%"
"12-03-2025","3,823.66","3,828.32","3,855.04","3,776.19","","1.32%"
"11-03-2025","3,773.88","3,773.46","3,827.38","3,734.41","","-3.73%"
"06-03-2025","3,919.90","3,977.36","4,004.13","3,900.18","","-2.74%"
"05-03-2025","4,030.34","3,977.76","4,042.21","3,943.65","","1.44%"
"04-03-2025","3,973.24","3,971.58","4,037.66","3,906.64","","-0.61%"
"03-03-2025","3,997.60","4,106.58","4,126.57","3,968.08","","-2.48%"
"28-02-2025","4,099.08","4,019.77","4,102.45","3,993.82","","1.77%"
"27-02-2025","4,027.80","4,149.48","4,172.86","4,025.73","","-2.63%"
"26-02-2025","4,136.40","4,127.69","4,181.28","4,113.19","","0.40%"
"25-02-2025","4,119.80","4,159.22","4,159.22","4,080.49","","-1.05%"
"24-02-2025","4,163.64","4,218.89","4,235.11","4,157.57","","-1.03%"
"21-02-2025","4,206.85","4,304.49","4,309.49","4,202.69","","-2.23%"
"20-02-2025","4,302.77","4,322.18","4,322.18","4,269.13","","-0.53%"
"19-02-2025","4,325.67","4,317.58","4,333.12","4,297.65","","0.00%"
"18-02-2025","4,325.86","4,330.81","4,343.24","4,297.62","","-0.01%"
"14-02-2025","4,326.33","4,321.60","4,330.48","4,309.96","","0.12%"
"13-02-2025","4,321.22","4,275.73","4,322.46","4,265.66","","1.27%"
"12-02-2025","4,267.09","4,236.17","4,273.80","4,219.86","","-0.09%"
"11-02-2025","4,271.13","4,261.61","4,285.54","4,253.77","","-0.27%"
"10-02-2025","4,282.55","4,257.47","4,293.34","4,257.47","","1.00%"
"07-02-2025","4,240.14","4,289.52","4,309.59","4,233.92","","-1.19%"
"06-02-2025","4,290.99","4,277.25","4,291.39","4,261.75","","0.60%"
"05-02-2025","4,265.60","4,223.95","4,266.53","4,223.26","","0.19%"
"04-02-2025","4,257.41","4,209.55","4,260.10","4,209.55","","1.18%"
"03-02-2025","4,207.65","4,183.64","4,232.48","4,152.29","","-1.04%"
"31-01-2025","4,251.83","4,294.50","4,326.15","4,242.84","","-0.32%"
"30-01-2025","4,265.59","4,258.32","4,285.42","4,220.43","","0.22%"
"29-01-2025","4,256.16","4,286.99","4,286.99","4,223.05","","-0.66%"
"28-01-2025","4,284.53","4,210.27","4,291.97","4,185.02","","2.22%"
"27-01-2025","4,191.40","4,250.94","4,255.52","4,161.21","","-2.93%"
"24-01-2025","4,317.81","4,343.29","4,352.89","4,302.84","","-0.40%"
"23-01-2025","4,335.28","4,312.56","4,335.28","4,296.50","","0.39%"
"22-01-2025","4,318.44","4,253.51","4,331.09","4,253.51","","1.48%"
"21-01-2025","4,255.50","4,231.82","4,260.55","4,211.36","","0.70%"
"17-01-2025","4,225.86","4,224.53","4,245.31","4,210.24","","1.24%"
"16-01-2025","4,174.14","4,215.90","4,222.34","4,173.45","","-0.74%"
"15-01-2025","4,205.13","4,158.45","4,212.63","4,156.43","","2.43%"
"14-01-2025","4,105.52","4,143.33","4,153.38","4,080.19","","-0.37%"
"13-01-2025","4,120.90","4,108.60","4,123.29","4,069.14","","-0.38%"
"10-01-2025","4,136.45","4,185.53","4,185.53","4,106.74","","-1.56%"
"08-01-2025","4,202.04","4,199.37","4,214.74","4,166.26","","0.17%"
"07-01-2025","4,195.05","4,279.37","4,292.10","4,181.18","","-1.92%"
"06-01-2025","4,277.24","4,269.94","4,307.30","4,259.63","","1.12%"
"03-01-2025","4,229.67","4,182.08","4,234.52","4,182.08","","1.61%"
"02-01-2025","4,162.52","4,186.21","4,214.22","4,125.27","","-0.16%"
"31-12-2024","4,169.36","4,215.15","4,221.30","4,162.96","","-0.92%"
"30-12-2024","4,207.92","4,212.69","4,237.58","4,178.05","","-1.14%"
"27-12-2024","4,256.63","4,300.35","4,300.35","4,221.25","","-1.48%"
"26-12-2024","4,320.74","4,316.47","4,332.94","4,296.70","","-0.15%"
"24-12-2024","4,327.41","4,283.36","4,327.41","4,282.45","","1.30%"
"23-12-2024","4,271.88","4,240.96","4,274.49","4,212.78","","1.02%"
"20-12-2024","4,228.54","4,162.72","4,272.45","4,146.27","","1.02%"
"19-12-2024","4,186.05","4,210.25","4,235.28","4,183.75","","0.07%"
"18-12-2024","4,183.21","4,333.83","4,347.66","4,175.13","","-3.45%"
"17-12-2024","4,332.47","4,322.27","4,341.09","4,308.04","","-0.29%"
"16-12-2024","4,345.04","4,311.75","4,351.79","4,307.59","","1.16%"
"13-12-2024","4,295.09","4,290.06","4,326.71","4,274.47","","0.18%"
"12-12-2024","4,287.24","4,301.94","4,309.79","4,285.69","","-0.61%"
"11-12-2024","4,313.64","4,265.29","4,318.51","4,265.29","","1.70%"
"10-12-2024","4,241.34","4,264.92","4,287.00","4,231.80","","-0.29%"
"09-12-2024","4,253.82","4,272.37","4,280.31","4,240.95","","-0.69%"
"06-12-2024","4,283.26","4,255.31","4,284.78","4,255.31","","0.81%"
"05-12-2024","4,249.03","4,255.62","4,266.80","4,246.32","","-0.10%"
"04-12-2024","4,253.35","4,213.62","4,254.46","4,213.62","","1.41%"
"03-12-2024","4,194.30","4,165.81","4,195.46","4,158.61","","0.59%"
"02-12-2024","4,169.72","4,139.22","4,176.36","4,139.22","","0.89%"
"29-11-2024","4,132.88","4,103.02","4,139.73","4,100.07","","0.81%"
"27-11-2024","4,099.79","4,131.25","4,131.25","4,077.43","","-0.74%"
"26-11-2024","4,130.17","4,095.04","4,132.25","4,095.04","","0.92%"
"25-11-2024","4,092.48","4,097.34","4,128.06","4,072.46","","0.07%"
"22-11-2024","4,089.48","4,083.22","4,094.13","4,069.11","","0.14%"
"21-11-2024","4,083.65","4,083.75","4,106.37","4,028.88","","0.23%"
"20-11-2024","4,074.44","4,077.76","4,080.51","4,024.50","","-0.17%"
"19-11-2024","4,081.23","4,027.68","4,082.63","4,016.12","","1.12%"
"18-11-2024","4,036.09","4,022.77","4,050.69","4,010.39","","0.39%"
"15-11-2024","4,020.43","4,080.81","4,080.81","4,003.71","","-2.10%"
"14-11-2024","4,106.85","4,134.58","4,137.49","4,099.43","","-0.60%"
"13-11-2024","4,131.82","4,137.35","4,157.64","4,119.31","","-0.08%"
"12-11-2024","4,135.19","4,127.90","4,145.06","4,112.10","","0.06%"
"11-11-2024","4,132.65","4,131.49","4,150.27","4,113.06","","-0.02%"
"08-11-2024","4,133.37","4,120.68","4,143.86","4,118.31","","0.34%"
"07-11-2024","4,119.21","4,062.23","4,124.55","4,062.23","","1.67%"
"06-11-2024","4,051.37","3,967.95","4,054.59","3,967.95","","2.54%"
"05-11-2024","3,951.05","3,906.02","3,953.02","3,906.02","","1.44%"
"04-11-2024","3,895.13","3,904.04","3,920.12","3,884.89","","-0.35%"
"01-11-2024","3,908.98","3,871.52","3,937.46","3,871.52","","0.72%"
"31-10-2024","3,881.14","3,962.92","3,962.92","3,879.62","","-2.76%"
"30-10-2024","3,991.46","4,029.67","4,029.67","3,984.99","","-0.46%"
"29-10-2024","4,009.87","3,977.67","4,020.20","3,968.02","","0.82%"
"28-10-2024","3,977.45","3,992.15","4,002.12","3,976.56","","0.13%"
"25-10-2024","3,972.28","3,966.44","4,006.04","3,964.39","","0.48%"
"24-10-2024","3,953.42","3,931.58","3,957.81","3,928.37","","0.67%"
"23-10-2024","3,927.19","3,973.83","3,975.79","3,901.41","","-1.54%"
"22-10-2024","3,988.62","3,969.44","3,999.89","3,956.20","","0.10%"
"21-10-2024","3,984.71","3,968.06","3,985.32","3,951.49","","0.33%"
"18-10-2024","3,971.45","3,967.45","3,979.17","3,963.51","","0.59%"
"17-10-2024","3,948.01","3,976.48","3,983.25","3,947.22","","0.06%"
"16-10-2024","3,945.78","3,947.66","3,948.27","3,910.33","","0.18%"
"15-10-2024","3,938.56","3,977.27","3,989.41","3,924.72","","-0.97%"
"14-10-2024","3,977.05","3,959.54","3,987.86","3,959.54","","0.88%"
"11-10-2024","3,942.51","3,922.46","3,948.86","3,917.65","","0.26%"
"10-10-2024","3,932.42","3,926.43","3,944.26","3,908.17","","-0.03%"
"09-10-2024","3,933.55","3,909.51","3,936.38","3,897.50","","0.71%"
"08-10-2024","3,905.66","3,861.78","3,909.63","3,861.40","","1.65%"
"07-10-2024","3,842.18","3,880.06","3,882.16","3,838.08","","-1.16%"
"04-10-2024","3,887.41","3,884.50","3,888.68","3,848.24","","1.10%"
"03-10-2024","3,845.05","3,833.12","3,862.12","3,825.70","","0.05%"
"02-10-2024","3,843.25","3,830.28","3,853.08","3,808.31","","0.07%"
"01-10-2024","3,840.47","3,889.34","3,890.61","3,814.62","","-1.38%"
"30-09-2024","3,894.03","3,865.69","3,895.62","3,852.18","","0.49%"
"27-09-2024","3,875.07","3,900.80","3,901.04","3,864.95","","-0.55%"
"26-09-2024","3,896.34","3,929.28","3,929.76","3,872.59","","0.20%"
"25-09-2024","3,888.52","3,881.62","3,901.67","3,879.53","","0.14%"
"24-09-2024","3,883.19","3,880.46","3,886.22","3,839.96","","0.40%"
"23-09-2024","3,867.61","3,869.01","3,875.06","3,857.35","","0.18%"
"20-09-2024","3,860.69","3,870.36","3,874.32","3,837.73","","-0.16%"
"19-09-2024","3,867.02","3,830.64","3,881.58","3,830.64","","2.37%"
"18-09-2024","3,777.34","3,797.12","3,828.23","3,774.99","","-0.33%"
"17-09-2024","3,789.86","3,801.20","3,820.88","3,772.85","","0.10%"
"16-09-2024","3,785.97","3,779.05","3,789.30","3,759.31","","-0.34%"
"13-09-2024","3,798.86","3,784.40","3,808.48","3,779.74","","0.47%"
"12-09-2024","3,780.90","3,744.37","3,788.22","3,731.28","","1.09%"
"11-09-2024","3,740.17","3,661.47","3,745.40","3,612.33","","2.14%"
"10-09-2024","3,661.65","3,629.85","3,664.35","3,616.82","","0.96%"
"09-09-2024","3,626.77","3,609.12","3,633.04","3,592.27","","1.24%"
"06-09-2024","3,582.28","3,666.35","3,677.38","3,575.89","","-2.32%"
"05-09-2024","3,667.45","3,660.82","3,703.47","3,647.79","","0.14%"
"04-09-2024","3,662.21","3,664.47","3,689.40","3,640.37","","-0.32%"
"03-09-2024","3,673.81","3,768.37","3,768.37","3,655.46","","-2.98%"
"30-08-2024","3,786.75","3,754.37","3,787.83","3,739.29","","1.13%"
"29-08-2024","3,744.30","3,758.38","3,803.44","3,736.73","","-0.30%"
"28-08-2024","3,755.72","3,793.08","3,796.72","3,730.49","","-1.02%"
"27-08-2024","3,794.53","3,773.65","3,801.65","3,755.53","","0.26%"
"26-08-2024","3,784.70","3,813.60","3,821.73","3,767.72","","-0.74%"
"23-08-2024","3,812.84","3,776.69","3,826.70","3,774.27","","1.23%"
"22-08-2024","3,766.63","3,835.46","3,847.12","3,759.86","","-1.53%"
"21-08-2024","3,825.24","3,810.48","3,835.40","3,799.04","","0.46%"
"20-08-2024","3,807.81","3,805.55","3,829.39","3,794.05","","-0.07%"
"19-08-2024","3,810.51","3,767.35","3,810.51","3,752.99","","1.19%"
"16-08-2024","3,765.76","3,747.41","3,776.26","3,741.92","","0.12%"
"15-08-2024","3,761.32","3,709.63","3,761.98","3,709.63","","2.08%"
"14-08-2024","3,684.55","3,683.82","3,695.56","3,649.11","","0.33%"
"13-08-2024","3,672.58","3,616.82","3,673.71","3,616.82","","2.36%"
"12-08-2024","3,587.86","3,583.90","3,610.63","3,568.89","","0.30%"
"09-08-2024","3,577.08","3,545.90","3,585.98","3,539.59","","0.83%"
"08-08-2024","3,547.74","3,480.92","3,555.57","3,467.74","","2.96%"
"07-08-2024","3,445.78","3,528.38","3,551.68","3,441.95","","-1.04%"
"06-08-2024","3,481.97","3,458.13","3,536.86","3,431.31","","1.21%"
"05-08-2024","3,440.49","3,438.86","3,494.02","3,358.09","","-3.47%"
"02-08-2024","3,564.03","3,593.81","3,593.81","3,517.48","","-2.14%"
"01-08-2024","3,641.96","3,727.54","3,761.93","3,610.46","","-1.82%"
"31-07-2024","3,709.49","3,681.09","3,723.35","3,673.85","","2.69%"
"30-07-2024","3,612.17","3,674.28","3,681.68","3,581.16","","-1.39%"
"29-07-2024","3,663.17","3,675.63","3,694.91","3,648.90","","0.19%"
"26-07-2024","3,656.18","3,648.62","3,681.14","3,635.92","","0.86%"
"25-07-2024","3,624.94","3,663.87","3,701.70","3,591.51","","-1.02%"
"24-07-2024","3,662.48","3,765.11","3,765.11","3,657.88","","-3.82%"
"23-07-2024","3,807.75","3,807.16","3,838.34","3,803.74","","0.13%"
"22-07-2024","3,802.64","3,781.15","3,813.21","3,769.85","","1.54%"
"19-07-2024","3,744.83","3,824.67","3,824.67","3,737.42","","-0.61%"
"18-07-2024","3,767.65","3,824.67","3,824.67","3,739.56","","-0.77%"
"17-07-2024","3,796.79","3,859.94","3,859.94","3,792.27","","-2.82%"
"16-07-2024","3,906.80","3,924.24","3,930.96","3,885.18","","-0.11%"
"15-07-2024","3,911.04","3,920.05","3,947.03","3,894.75","","0.32%"
"12-07-2024","3,898.65","3,876.98","3,931.50","3,875.60","","0.55%"
"11-07-2024","3,877.34","3,959.82","3,960.38","3,865.91","","-2.11%"
"10-07-2024","3,960.97","3,931.45","3,962.42","3,922.49","","1.01%"
"09-07-2024","3,921.20","3,930.89","3,941.07","3,911.36","","0.09%"
"08-07-2024","3,917.72","3,917.15","3,922.29","3,907.00","","0.10%"
"05-07-2024","3,913.92","3,875.94","3,916.28","3,875.94","","1.05%"
"03-07-2024","3,873.26","3,838.69","3,873.38","3,835.35","","0.88%"
"02-07-2024","3,839.35","3,794.87","3,839.94","3,791.48","","0.79%"
"01-07-2024","3,809.22","3,784.65","3,812.19","3,758.23","","0.94%"
"28-06-2024","3,773.68","3,805.97","3,834.84","3,772.39","","-0.69%"
"27-06-2024","3,799.93","3,789.36","3,809.12","3,785.18","","0.23%"
"26-06-2024","3,791.37","3,763.55","3,794.05","3,763.55","","0.53%"
"25-06-2024","3,771.45","3,743.14","3,774.73","3,740.27","","1.11%"
"24-06-2024","3,730.16","3,759.41","3,777.30","3,729.90","","-0.98%"
"21-06-2024","3,767.05","3,766.74","3,786.54","3,755.20","","-0.21%"
"20-06-2024","3,775.13","3,812.40","3,816.81","3,759.30","","-0.64%"
"18-06-2024","3,799.39","3,794.55","3,803.44","3,785.97","","0.14%"
"17-06-2024","3,793.90","3,761.17","3,809.64","3,750.12","","0.97%"
"14-06-2024","3,757.55","3,740.46","3,758.05","3,732.82","","0.29%"
"13-06-2024","3,746.52","3,739.48","3,756.21","3,723.19","","0.49%"
"12-06-2024","3,728.43","3,703.63","3,753.21","3,703.63","","1.37%"
"11-06-2024","3,677.89","3,642.44","3,678.37","3,629.64","","0.91%"
"10-06-2024","3,644.73","3,626.36","3,648.53","3,619.08","","0.37%"
"07-06-2024","3,631.32","3,627.77","3,651.18","3,620.26","","-0.10%"
"06-06-2024","3,634.98","3,637.85","3,646.52","3,622.99","","0.07%"
"05-06-2024","3,632.36","3,587.19","3,632.60","3,585.88","","1.78%"
"04-06-2024","3,568.78","3,554.60","3,573.63","3,542.24","","0.40%"
"03-06-2024","3,554.67","3,555.39","3,565.65","3,517.53","","0.55%"
"31-05-2024","3,535.29","3,529.30","3,539.13","3,474.27","","0.21%"
"30-05-2024","3,527.87","3,574.33","3,574.33","3,518.64","","-1.36%"
"29-05-2024","3,576.65","3,582.70","3,589.80","3,565.42","","-0.47%"
"28-05-2024","3,593.62","3,592.07","3,594.74","3,573.21","","0.45%"
"24-05-2024","3,577.64","3,559.71","3,583.24","3,550.89","","0.82%"
"23-05-2024","3,548.41","3,573.79","3,598.35","3,537.72","","-0.31%"
"22-05-2024","3,559.41","3,571.31","3,573.84","3,543.21","","-0.32%"
"21-05-2024","3,570.84","3,556.58","3,572.28","3,548.90","","0.28%"
"20-05-2024","3,560.87","3,545.13","3,567.04","3,544.68","","0.48%"
"17-05-2024","3,543.71","3,549.18","3,549.18","3,528.25","","-0.01%"
"16-05-2024","3,544.02","3,555.97","3,567.69","3,543.15","","-0.33%"
"15-05-2024","3,555.64","3,515.47","3,557.84","3,514.08","","1.54%"
"14-05-2024","3,501.59","3,475.76","3,505.58","3,475.03","","0.62%"
"13-05-2024","3,480.05","3,490.68","3,490.68","3,470.47","","0.01%"
"10-05-2024","3,479.69","3,482.51","3,496.15","3,468.76","","0.15%"
"09-05-2024","3,474.58","3,464.67","3,477.40","3,453.99","","0.30%"
"08-05-2024","3,464.02","3,458.11","3,470.77","3,451.66","","-0.17%"
"07-05-2024","3,469.80","3,472.76","3,481.49","3,462.81","","0.01%"
"06-05-2024","3,469.39","3,434.87","3,469.65","3,433.24","","3.08%"
"02-05-2024","3,365.86","3,353.08","3,370.72","3,322.69","","1.26%"
"01-05-2024","3,323.99","3,335.09","3,385.69","3,317.36","","-0.35%"
"30-04-2024","3,335.60","3,386.16","3,402.27","3,335.45","","-1.78%"
"29-04-2024","3,396.18","3,398.38","3,406.83","3,375.66","","0.18%"
"26-04-2024","3,389.93","3,345.44","3,402.50","3,345.44","","1.83%"
"25-04-2024","3,328.96","3,329.95","3,334.86","3,271.22","","-0.61%"
"24-04-2024","3,349.56","3,361.68","3,375.91","3,333.89","","-0.02%"
"23-04-2024","3,350.27","3,315.69","3,354.85","3,314.90","","1.55%"
"22-04-2024","3,299.10","3,280.82","3,319.43","3,264.04","","0.91%"
"19-04-2024","3,269.21","3,327.13","3,329.51","3,257.91","","-1.96%"
"18-04-2024","3,334.65","3,354.46","3,371.85","3,330.71","","-0.46%"
"17-04-2024","3,349.96","3,393.93","3,401.24","3,341.95","","-0.90%"
"16-04-2024","3,380.31","3,377.40","3,400.77","3,372.22","","0.03%"
"15-04-2024","3,379.45","3,454.31","3,465.48","3,375.95","","-1.73%"
"12-04-2024","3,438.78","3,469.22","3,469.82","3,427.42","","-1.41%"
"11-04-2024","3,487.81","3,452.09","3,494.09","3,432.61","","1.41%"
"10-04-2024","3,439.40","3,435.86","3,445.94","3,421.44","","-0.67%"
"09-04-2024","3,462.73","3,473.59","3,474.48","3,426.09","","0.12%"
"08-04-2024","3,458.40","3,464.80","3,471.74","3,449.76","","-0.05%"
"05-04-2024","3,459.97","3,413.98","3,474.60","3,413.98","","1.43%"
"04-04-2024","3,411.15","3,476.66","3,496.33","3,410.78","","-1.40%"
"03-04-2024","3,459.49","3,444.40","3,474.75","3,442.45","","0.22%"
"02-04-2024","3,451.73","3,456.90","3,456.90","3,428.54","","-0.86%"
"01-04-2024","3,481.59","3,486.37","3,502.45","3,467.64","","-0.05%"
"28-03-2024","3,483.35","3,483.90","3,491.88","3,477.25","","-0.13%"
"27-03-2024","3,487.78","3,488.77","3,499.31","3,466.10","","0.33%"
"26-03-2024","3,476.27","3,494.91","3,505.51","3,475.94","","-0.37%"
"25-03-2024","3,489.14","3,494.75","3,499.74","3,477.54","","-0.43%"
"22-03-2024","3,504.06","3,502.02","3,512.24","3,493.35","","0.10%"
"21-03-2024","3,500.44","3,521.04","3,522.68","3,499.63","","0.10%"
"20-03-2024","3,497.07","3,465.69","3,497.32","3,453.52","","1.08%"
"19-03-2024","3,459.79","3,427.63","3,461.00","3,412.37","","0.64%"
"18-03-2024","3,437.65","3,446.63","3,464.48","3,435.38","","0.90%"
"15-03-2024","3,407.01","3,426.78","3,429.55","3,397.11","","-1.11%"
"14-03-2024","3,445.14","3,456.42","3,463.60","3,426.91","","0.05%"
"13-03-2024","3,443.43","3,453.72","3,454.72","3,434.56","","-0.41%"
"12-03-2024","3,457.58","3,417.42","3,459.84","3,399.24","","1.73%"
"11-03-2024","3,398.92","3,405.34","3,408.88","3,385.27","","-0.47%"
"08-03-2024","3,415.04","3,453.48","3,485.41","3,409.85","","-1.14%"
"07-03-2024","3,454.40","3,428.78","3,461.33","3,416.88","","1.43%"
"06-03-2024","3,405.76","3,410.58","3,424.44","3,392.85","","0.51%"
"05-03-2024","3,388.58","3,423.32","3,423.32","3,371.59","","-1.61%"
"04-03-2024","3,443.90","3,452.24","3,460.16","3,442.66","","-0.43%"
"01-03-2024","3,458.82","3,423.80","3,461.52","3,423.80","","1.04%"
"29-02-2024","3,423.09","3,412.66","3,428.91","3,392.44","","0.68%"
"28-02-2024","3,399.94","3,401.26","3,406.46","3,389.71","","-0.34%"
"27-02-2024","3,411.50","3,411.47","3,414.08","3,392.83","","0.13%"
"26-02-2024","3,407.19","3,420.66","3,427.70","3,406.81","","-0.24%"
"23-02-2024","3,415.33","3,433.68","3,443.26","3,405.84","","-0.10%"
"22-02-2024","3,418.91","3,360.41","3,422.30","3,359.21","","3.08%"
"21-02-2024","3,316.84","3,309.69","3,317.46","3,288.98","","-0.24%"
"20-02-2024","3,324.88","3,341.11","3,349.13","3,302.42","","-1.04%"
"16-02-2024","3,359.75","3,383.96","3,386.00","3,354.59","","-0.62%"
"15-02-2024","3,380.70","3,375.29","3,381.85","3,357.01","","0.13%"
"14-02-2024","3,376.29","3,356.86","3,377.67","3,340.42","","1.24%"
"13-02-2024","3,335.06","3,322.75","3,355.78","3,313.75","","-1.37%"
"12-02-2024","3,381.46","3,399.81","3,410.76","3,376.45","","-0.57%"
"09-02-2024","3,401.01","3,371.44","3,404.97","3,371.44","","1.03%"
"08-02-2024","3,366.40","3,361.11","3,370.24","3,359.12","","0.18%"
"07-02-2024","3,360.41","3,318.08","3,363.15","3,318.08","","1.29%"
"06-02-2024","3,317.69","3,315.50","3,327.06","3,296.55","","0.07%"
"05-02-2024","3,315.41","3,318.95","3,323.71","3,290.99","","0.00%"
"02-02-2024","3,315.43","3,246.49","3,324.33","3,246.49","","1.97%"
"01-02-2024","3,251.41","3,220.14","3,252.96","3,219.55","","1.47%"
"31-01-2024","3,204.46","3,241.42","3,255.03","3,203.57","","-2.09%"
"30-01-2024","3,272.79","3,284.72","3,288.70","3,267.31","","-0.42%"
"29-01-2024","3,286.62","3,253.05","3,287.29","3,251.37","","1.10%"
"26-01-2024","3,250.89","3,250.52","3,266.18","3,245.50","","-0.13%"
"25-01-2024","3,255.11","3,260.65","3,269.98","3,237.47","","0.12%"
"24-01-2024","3,251.17","3,265.43","3,281.08","3,249.09","","0.34%"
"23-01-2024","3,240.01","3,235.31","3,241.23","3,224.23","","0.28%"
"22-01-2024","3,231.04","3,239.02","3,246.25","3,227.35","","0.26%"
"19-01-2024","3,222.57","3,189.27","3,222.57","3,182.09","","1.49%"
"18-01-2024","3,175.26","3,158.70","3,177.74","3,145.06","","1.33%"
"17-01-2024","3,133.67","3,129.19","3,135.62","3,106.54","","-0.47%"
"16-01-2024","3,148.48","3,145.11","3,160.82","3,133.14","","-0.14%"
"12-01-2024","3,152.86","3,154.13","3,162.93","3,141.77","","0.10%"
"11-01-2024","3,149.62","3,157.27","3,166.06","3,115.13","","0.19%"
"10-01-2024","3,143.63","3,119.00","3,149.21","3,118.21","","1.01%"
"09-01-2024","3,112.11","3,088.39","3,118.06","3,083.68","","0.24%"
"08-01-2024","3,104.54","3,054.26","3,105.20","3,051.41","","2.07%"
"05-01-2024","3,041.63","3,040.83","3,060.20","3,031.63","","0.10%"
"04-01-2024","3,038.53","3,040.96","3,066.15","3,037.51","","-0.42%"
"03-01-2024","3,051.28","3,060.06","3,070.89","3,047.74","","-0.95%"
"02-01-2024","3,080.59","3,099.73","3,103.01","3,063.51","","-1.47%"
"29-12-2023","3,126.48","3,140.47","3,143.12","3,113.55","","-0.37%"
"28-12-2023","3,138.11","3,146.15","3,148.84","3,136.66","","0.00%"
"27-12-2023","3,138.06","3,135.30","3,141.11","3,129.10","","0.15%"
"26-12-2023","3,133.43","3,127.35","3,138.86","3,126.68","","0.32%"
"22-12-2023","3,123.31","3,128.63","3,134.24","3,110.42","","0.05%"
"21-12-2023","3,121.82","3,112.12","3,123.28","3,096.48","","1.09%"
"20-12-2023","3,088.23","3,126.84","3,143.01","3,087.84","","-1.35%"
"19-12-2023","3,130.37","3,118.22","3,130.41","3,117.27","","0.47%"
"18-12-2023","3,115.59","3,097.43","3,121.76","3,095.18","","0.68%"
"15-12-2023","3,094.52","3,080.86","3,100.03","3,079.17","","0.39%"
"14-12-2023","3,082.47","3,095.58","3,104.37","3,059.06","","-0.28%"
"13-12-2023","3,091.16","3,058.05","3,094.97","3,055.38","","1.21%"
"12-12-2023","3,054.34","3,029.92","3,054.34","3,021.73","","0.79%"
"11-12-2023","3,030.53","3,023.39","3,031.36","3,010.90","","0.08%"
"08-12-2023","3,028.01","3,003.03","3,030.08","2,999.18","","0.50%"
"07-12-2023","3,012.97","2,984.86","3,015.12","2,984.86","","1.18%"
"06-12-2023","2,977.72","3,001.39","3,010.72","2,975.93","","-0.52%"
"05-12-2023","2,993.39","2,973.18","3,001.70","2,968.59","","0.44%"
"04-12-2023","2,980.13","2,992.04","2,992.04","2,957.41","","-0.87%"
"01-12-2023","3,006.40","2,988.69","3,009.47","2,979.21","","0.42%"
"30-11-2023","2,993.91","2,993.08","3,000.31","2,970.44","","0.03%"
"29-11-2023","2,992.87","3,010.49","3,021.78","2,991.17","","-0.20%"
"28-11-2023","2,998.95","2,988.30","3,004.09","2,983.21","","0.23%"
"27-11-2023","2,991.93","2,993.96","3,005.70","2,988.33","","-0.10%"
"24-11-2023","2,994.96","2,996.81","2,999.89","2,987.53","","-0.13%"
"22-11-2023","2,998.85","3,001.43","3,016.06","2,990.12","","0.44%"
"21-11-2023","2,985.78","2,989.39","2,991.03","2,974.33","","-0.31%"
"20-11-2023","2,995.09","2,961.02","3,000.97","2,961.02","","1.06%"
"17-11-2023","2,963.66","2,965.72","2,969.72","2,952.50","","-0.06%"
"16-11-2023","2,965.34","2,951.44","2,969.52","2,949.91","","0.34%"
"15-11-2023","2,955.42","2,964.47","2,970.57","2,946.29","","-0.04%"
"14-11-2023","2,956.57","2,926.10","2,965.36","2,926.10","","1.95%"
"13-11-2023","2,900.11","2,895.75","2,907.66","2,882.11","","-0.09%"
"10-11-2023","2,902.68","2,851.41","2,903.98","2,801.38","","1.97%"
"09-11-2023","2,846.64","2,871.67","2,879.41","2,843.41","","-0.89%"
"08-11-2023","2,872.15","2,865.42","2,874.69","2,854.69","","0.40%"
"07-11-2023","2,860.75","2,839.57","2,867.47","2,834.58","","0.98%"
"06-11-2023","2,833.11","2,821.92","2,833.99","2,815.66","","0.55%"
"03-11-2023","2,817.51","2,790.07","2,825.84","2,790.07","","0.98%"
"02-11-2023","2,790.17","2,760.50","2,791.48","2,760.50","","1.84%"
"01-11-2023","2,739.81","2,703.61","2,742.57","2,703.61","","1.49%"
"31-10-2023","2,699.62","2,686.59","2,701.56","2,670.62","","0.42%"
"30-10-2023","2,688.28","2,660.79","2,696.46","2,660.79","","1.38%"
"27-10-2023","2,651.72","2,667.07","2,677.49","2,641.64","","0.26%"
"26-10-2023","2,644.81","2,687.02","2,693.95","2,636.18","","-1.95%"
"25-10-2023","2,697.54","2,739.14","2,739.35","2,693.68","","-2.05%"
"24-10-2023","2,754.13","2,742.67","2,759.97","2,729.27","","0.85%"
"23-10-2023","2,730.84","2,713.01","2,755.15","2,697.32","","0.28%"
"20-10-2023","2,723.12","2,757.79","2,761.87","2,720.99","","-1.44%"
"19-10-2023","2,762.80","2,791.97","2,804.45","2,756.28","","-0.83%"
"18-10-2023","2,786.04","2,812.47","2,823.24","2,777.88","","-1.50%"
"17-10-2023","2,828.40","2,808.77","2,841.68","2,796.40","","-0.26%"
"16-10-2023","2,835.76","2,812.82","2,842.21","2,811.72","","1.16%"
"13-10-2023","2,803.29","2,837.14","2,844.95","2,793.21","","-1.01%"
"12-10-2023","2,831.92","2,846.39","2,859.97","2,815.14","","-0.44%"
"11-10-2023","2,844.53","2,829.29","2,845.65","2,821.13","","0.82%"
"10-10-2023","2,821.46","2,809.96","2,842.32","2,809.62","","0.46%"
"09-10-2023","2,808.66","2,775.61","2,813.37","2,766.73","","0.50%"
"06-10-2023","2,794.79","2,736.02","2,803.29","2,728.17","","1.66%"
"05-10-2023","2,749.07","2,749.22","2,754.95","2,721.84","","-0.01%"
"04-10-2023","2,749.40","2,719.58","2,753.77","2,717.98","","1.36%"
"03-10-2023","2,712.55","2,752.32","2,757.24","2,702.11","","-1.79%"
"02-10-2023","2,762.09","2,737.56","2,770.72","2,735.39","","0.86%"
"29-09-2023","2,738.61","2,756.90","2,773.17","2,730.74","","-0.04%"
"28-09-2023","2,739.58","2,712.86","2,752.19","2,705.89","","0.75%"
"27-09-2023","2,719.15","2,722.89","2,732.31","2,693.09","","0.13%"
"26-09-2023","2,715.74","2,746.82","2,746.82","2,709.75","","-1.59%"
"25-09-2023","2,759.64","2,741.60","2,760.58","2,732.49","","0.49%"
"22-09-2023","2,746.11","2,758.80","2,774.72","2,743.26","","-0.05%"
"21-09-2023","2,747.56","2,773.21","2,779.43","2,747.07","","-1.88%"
"20-09-2023","2,800.27","2,844.57","2,848.18","2,799.94","","-1.34%"
"19-09-2023","2,838.42","2,834.68","2,841.83","2,816.52","","-0.20%"
"18-09-2023","2,844.19","2,835.20","2,852.21","2,833.19","","0.10%"
"15-09-2023","2,841.32","2,880.37","2,880.37","2,838.02","","-1.57%"
"14-09-2023","2,886.50","2,881.31","2,892.91","2,865.29","","0.65%"
"13-09-2023","2,867.82","2,857.20","2,877.84","2,850.50","","0.32%"
"12-09-2023","2,858.61","2,879.19","2,883.61","2,855.94","","-1.14%"
"11-09-2023","2,891.45","2,884.62","2,894.24","2,870.46","","1.06%"
"08-09-2023","2,861.01","2,857.82","2,875.89","2,854.56","","0.12%"
"07-09-2023","2,857.61","2,863.37","2,863.37","2,830.40","","-0.47%"
"06-09-2023","2,870.98","2,897.92","2,897.92","2,856.08","","-0.97%"
"05-09-2023","2,899.19","2,895.63","2,907.09","2,883.34","","0.08%"
"01-09-2023","2,896.96","2,911.26","2,918.65","2,886.35","","0.03%"
"31-08-2023","2,896.11","2,894.17","2,912.33","2,892.69","","0.13%"
"30-08-2023","2,892.27","2,876.16","2,897.25","2,873.04","","0.61%"
"29-08-2023","2,874.70","2,816.38","2,876.58","2,816.06","","1.97%"
"28-08-2023","2,819.28","2,811.01","2,824.45","2,802.92","","0.65%"
"25-08-2023","2,800.99","2,785.97","2,812.40","2,761.87","","0.79%"
"24-08-2023","2,778.92","2,844.41","2,853.19","2,778.62","","-1.80%"
"23-08-2023","2,829.94","2,794.24","2,837.03","2,794.24","","1.48%"
"22-08-2023","2,788.68","2,804.04","2,808.56","2,783.89","","-0.08%"
"21-08-2023","2,791.04","2,758.97","2,794.86","2,758.37","","1.37%"
"18-08-2023","2,753.33","2,749.52","2,761.71","2,726.94","","-0.10%"
"17-08-2023","2,756.19","2,790.88","2,798.14","2,752.71","","-1.12%"
"16-08-2023","2,787.35","2,806.98","2,821.16","2,787.04","","-0.81%"
"15-08-2023","2,810.00","2,834.82","2,837.81","2,805.74","","-0.97%"
"14-08-2023","2,837.45","2,805.39","2,837.82","2,797.68","","1.11%"
"11-08-2023","2,806.27","2,814.61","2,818.19","2,796.71","","-0.42%"
"10-08-2023","2,818.16","2,824.10","2,857.93","2,808.85","","0.14%"
"09-08-2023","2,814.10","2,844.56","2,848.19","2,809.14","","-1.06%"
"08-08-2023","2,844.22","2,848.19","2,848.19","2,822.53","","-0.50%"
"07-08-2023","2,858.57","2,844.29","2,859.07","2,833.91","","0.81%"
"04-08-2023","2,835.70","2,873.64","2,880.77","2,833.49","","-0.57%"
"03-08-2023","2,851.84","2,849.90","2,865.36","2,839.43","","-0.24%"
"02-08-2023","2,858.75","2,898.30","2,898.30","2,850.34","","-1.94%"
"01-08-2023","2,915.28","2,915.46","2,920.02","2,903.57","","-0.24%"
"31-07-2023","2,922.35","2,921.00","2,926.91","2,911.29","","0.15%"
"28-07-2023","2,918.07","2,888.37","2,923.26","2,888.37","","1.60%"
"27-07-2023","2,872.20","2,906.60","2,931.49","2,864.88","","-0.58%"
"26-07-2023","2,888.85","2,891.73","2,899.87","2,873.92","","-0.21%"
"25-07-2023","2,895.01","2,879.37","2,905.07","2,879.37","","0.56%"
"24-07-2023","2,878.89","2,877.13","2,886.63","2,865.94","","0.28%"
"21-07-2023","2,870.79","2,892.91","2,896.07","2,868.96","","-0.21%"
"20-07-2023","2,876.86","2,915.08","2,923.51","2,871.20","","-1.85%"
"19-07-2023","2,931.21","2,937.70","2,947.66","2,922.98","","0.01%"
"18-07-2023","2,930.83","2,904.81","2,939.74","2,892.39","","0.80%"
"17-07-2023","2,907.69","2,890.20","2,913.10","2,888.90","","0.75%"
"14-07-2023","2,886.12","2,885.88","2,907.84","2,880.02","","0.29%"
"13-07-2023","2,877.79","2,855.25","2,883.40","2,855.25","","1.32%"
"12-07-2023","2,840.32","2,830.25","2,852.69","2,828.26","","1.01%"
"11-07-2023","2,811.78","2,801.33","2,814.91","2,790.00","","0.50%"
"10-07-2023","2,797.83","2,798.76","2,800.48","2,778.04","","0.06%"
"07-07-2023","2,796.11","2,806.21","2,824.96","2,795.23","","-0.42%"
"06-07-2023","2,807.89","2,816.29","2,816.29","2,788.14","","-0.68%"
"05-07-2023","2,827.03","2,823.30","2,836.51","2,815.31","","0.01%"
"03-07-2023","2,826.74","2,830.23","2,830.81","2,819.67","","-0.01%"
"30-06-2023","2,827.11","2,797.57","2,832.41","2,797.57","","1.48%"
"29-06-2023","2,785.86","2,782.17","2,790.27","2,773.82","","0.14%"
"28-06-2023","2,781.89","2,771.47","2,796.07","2,767.62","","0.16%"
"27-06-2023","2,777.38","2,743.33","2,782.09","2,743.27","","1.54%"
"26-06-2023","2,735.38","2,765.49","2,779.39","2,735.20","","-1.14%"
"23-06-2023","2,766.86","2,778.11","2,782.31","2,758.42","","-0.88%"
"22-06-2023","2,791.37","2,765.84","2,791.52","2,756.76","","0.90%"
"21-06-2023","2,766.59","2,787.51","2,787.51","2,758.48","","-0.86%"
"20-06-2023","2,790.52","2,789.22","2,800.04","2,773.32","","-0.22%"
"16-06-2023","2,796.53","2,825.18","2,828.82","2,795.28","","-0.60%"
"15-06-2023","2,813.30","2,770.06","2,822.32","2,767.57","","1.29%"
"14-06-2023","2,777.47","2,767.30","2,783.01","2,746.14","","0.37%"
"13-06-2023","2,767.10","2,753.06","2,771.67","2,748.06","","0.68%"
"12-06-2023","2,748.52","2,714.90","2,749.15","2,714.90","","1.45%"
"09-06-2023","2,709.18","2,710.41","2,730.04","2,703.20","","0.26%"
"08-06-2023","2,702.16","2,676.68","2,704.93","2,676.68","","0.98%"
"07-06-2023","2,675.92","2,710.07","2,724.42","2,672.78","","-1.35%"
"06-06-2023","2,712.41","2,707.91","2,715.64","2,698.84","","0.09%"
"05-06-2023","2,709.90","2,713.47","2,730.32","2,703.78","","-0.09%"
"02-06-2023","2,712.35","2,688.88","2,717.57","2,688.88","","1.25%"
"01-06-2023","2,678.75","2,646.55","2,686.18","2,639.80","","1.23%"
"31-05-2023","2,646.15","2,655.70","2,661.46","2,637.50","","-0.63%"
"30-05-2023","2,662.82","2,672.78","2,687.81","2,654.44","","0.22%"
"26-05-2023","2,657.00","2,611.36","2,662.33","2,611.36","","1.82%"
"25-05-2023","2,609.53","2,581.15","2,617.28","2,581.02","","1.85%"
"24-05-2023","2,562.14","2,576.23","2,576.23","2,551.15","","-0.55%"
"23-05-2023","2,576.18","2,604.86","2,605.74","2,573.46","","-1.45%"
"22-05-2023","2,614.19","2,609.20","2,622.57","2,608.14","","0.10%"
"19-05-2023","2,611.59","2,622.14","2,624.97","2,604.88","","-0.25%"
"18-05-2023","2,618.09","2,584.81","2,620.29","2,584.81","","1.41%"
"17-05-2023","2,581.76","2,558.27","2,584.46","2,551.51","","1.26%"
"16-05-2023","2,549.71","2,552.22","2,561.82","2,548.42","","-0.24%"
"15-05-2023","2,555.89","2,549.06","2,556.86","2,538.09","","0.34%"
"12-05-2023","2,547.33","2,557.53","2,560.42","2,531.30","","-0.23%"
"11-05-2023","2,553.08","2,553.61","2,555.88","2,537.84","","0.11%"
"10-05-2023","2,550.27","2,539.84","2,556.54","2,525.25","","0.95%"
"09-05-2023","2,526.34","2,531.34","2,535.43","2,525.39","","-0.46%"
"08-05-2023","2,537.95","2,531.85","2,539.35","2,525.91","","0.16%"
"05-05-2023","2,533.81","2,501.14","2,540.33","2,501.14","","2.08%"
"04-05-2023","2,482.13","2,490.58","2,493.74","2,475.47","","-0.51%"
"03-05-2023","2,494.94","2,510.22","2,531.01","2,494.35","","-0.53%"
"02-05-2023","2,508.12","2,528.09","2,528.52","2,491.87","","-0.89%"
"01-05-2023","2,530.59","2,528.05","2,541.68","2,527.06","","-0.01%"
"28-04-2023","2,530.80","2,507.51","2,531.14","2,501.85","","0.73%"
"27-04-2023","2,512.37","2,472.28","2,514.35","2,470.71","","2.04%"
"26-04-2023","2,462.25","2,473.68","2,484.81","2,457.84","","0.38%"
"25-04-2023","2,452.88","2,495.24","2,495.24","2,452.88","","-1.88%"
"24-04-2023","2,499.87","2,499.43","2,510.17","2,484.81","","-0.09%"
"21-04-2023","2,502.16","2,497.98","2,506.23","2,489.44","","0.10%"
"20-04-2023","2,499.57","2,505.09","2,515.63","2,489.51","","-0.53%"
"19-04-2023","2,512.89","2,504.59","2,518.76","2,496.85","","0.03%"
"18-04-2023","2,512.18","2,517.72","2,526.55","2,504.68","","0.13%"
"17-04-2023","2,508.81","2,502.29","2,509.41","2,490.82","","0.20%"
"14-04-2023","2,503.69","2,506.33","2,518.92","2,485.61","","-0.34%"
"13-04-2023","2,512.20","2,474.37","2,514.53","2,474.37","","1.80%"
"12-04-2023","2,467.69","2,490.95","2,501.84","2,464.72","","-0.58%"
"11-04-2023","2,482.04","2,487.27","2,492.28","2,476.92","","-0.32%"
"10-04-2023","2,490.02","2,476.12","2,490.21","2,459.22","","-0.01%"
"06-04-2023","2,490.19","2,472.69","2,490.66","2,454.85","","0.60%"
"05-04-2023","2,475.29","2,494.53","2,494.53","2,463.70","","-0.89%"
"04-04-2023","2,497.46","2,509.71","2,519.20","2,489.67","","-0.45%"
"03-04-2023","2,508.65","2,502.50","2,510.09","2,488.48","","0.10%"
"31-03-2023","2,506.07","2,468.72","2,507.25","2,468.48","","1.70%"
"30-03-2023","2,464.16","2,452.23","2,467.18","2,451.65","","0.73%"
"29-03-2023","2,446.32","2,427.86","2,448.66","2,427.86","","1.53%"
"28-03-2023","2,409.43","2,417.46","2,417.46","2,394.48","","-0.37%"
"27-03-2023","2,418.48","2,431.89","2,442.80","2,412.98","","-0.33%"
"24-03-2023","2,426.46","2,414.59","2,426.76","2,393.53","","0.32%"
"23-03-2023","2,418.65","2,407.48","2,453.82","2,399.70","","0.83%"
"22-03-2023","2,398.71","2,433.57","2,465.48","2,398.49","","-1.46%"
"21-03-2023","2,434.31","2,408.43","2,437.45","2,408.04","","1.51%"
"20-03-2023","2,398.22","2,384.25","2,400.90","2,375.28","","0.46%"
"17-03-2023","2,387.24","2,402.36","2,413.26","2,373.37","","-0.60%"
"16-03-2023","2,401.60","2,345.18","2,404.15","2,335.30","","2.29%"
"15-03-2023","2,347.85","2,342.10","2,350.39","2,311.23","","-0.09%"
"14-03-2023","2,350.02","2,319.62","2,356.48","2,319.62","","1.94%"
"13-03-2023","2,305.31","2,284.65","2,332.34","2,266.66","","0.55%"
"10-03-2023","2,292.66","2,330.23","2,337.64","2,285.12","","-1.68%"
"09-03-2023","2,331.93","2,375.62","2,395.27","2,328.08","","-1.78%"
"08-03-2023","2,374.09","2,369.41","2,378.93","2,358.95","","0.33%"
"07-03-2023","2,366.20","2,397.74","2,403.15","2,363.07","","-1.30%"
"06-03-2023","2,397.34","2,399.85","2,422.71","2,395.86","","0.14%"
"03-03-2023","2,394.01","2,353.33","2,394.89","2,353.33","","1.88%"
"02-03-2023","2,349.79","2,324.17","2,355.51","2,313.23","","0.82%"
"01-03-2023","2,330.56","2,346.25","2,347.21","2,323.22","","-0.65%"
"28-02-2023","2,345.73","2,349.15","2,364.14","2,344.02","","-0.22%"
"27-02-2023","2,350.93","2,353.74","2,370.46","2,345.86","","0.63%"
"24-02-2023","2,336.12","2,343.13","2,343.13","2,323.19","","-1.53%"
"23-02-2023","2,372.44","2,365.80","2,380.21","2,341.72","","0.83%"
"22-02-2023","2,352.86","2,353.94","2,368.24","2,344.21","","0.05%"
"21-02-2023","2,351.62","2,398.50","2,398.50","2,351.14","","-2.30%"
"17-02-2023","2,406.87","2,411.79","2,411.79","2,384.83","","-0.55%"
"16-02-2023","2,420.08","2,448.79","2,455.70","2,419.88","","-1.78%"
"15-02-2023","2,463.86","2,438.85","2,464.01","2,431.84","","0.69%"
"14-02-2023","2,447.01","2,427.25","2,457.30","2,414.93","","0.43%"
"13-02-2023","2,436.54","2,409.27","2,439.07","2,405.36","","1.44%"
"10-02-2023","2,401.99","2,403.64","2,410.01","2,384.83","","-0.36%"
"09-02-2023","2,410.73","2,456.78","2,458.08","2,402.49","","-0.76%"
"08-02-2023","2,429.10","2,452.25","2,460.24","2,424.89","","-1.28%"
"07-02-2023","2,460.49","2,420.84","2,468.21","2,407.54","","1.65%"
"06-02-2023","2,420.59","2,425.66","2,434.07","2,411.49","","-0.75%"
"03-02-2023","2,438.99","2,449.35","2,477.95","2,428.29","","-1.33%"
"02-02-2023","2,471.95","2,419.30","2,483.44","2,419.30","","2.37%"
"01-02-2023","2,414.72","2,371.70","2,432.02","2,355.83","","1.72%"
"31-01-2023","2,373.92","2,337.84","2,374.15","2,336.66","","1.68%"
"30-01-2023","2,334.66","2,365.46","2,365.46","2,333.39","","-1.65%"
"27-01-2023","2,373.90","2,352.51","2,389.04","2,350.96","","0.72%"
"26-01-2023","2,356.84","2,334.14","2,357.67","2,325.95","","1.46%"
"25-01-2023","2,323.03","2,296.64","2,326.88","2,274.84","","-0.18%"
"24-01-2023","2,327.33","2,321.20","2,333.77","2,315.50","","-0.18%"
"23-01-2023","2,331.62","2,300.93","2,341.63","2,295.53","","1.56%"
"20-01-2023","2,295.82","2,246.58","2,295.95","2,244.67","","2.49%"
"19-01-2023","2,240.08","2,252.25","2,255.71","2,232.85","","-0.92%"
"18-01-2023","2,260.87","2,302.01","2,314.23","2,259.50","","-1.31%"
"17-01-2023","2,290.99","2,288.13","2,303.60","2,279.49","","0.17%"
"13-01-2023","2,287.14","2,261.37","2,289.27","2,253.63","","0.56%"
"12-01-2023","2,274.38","2,269.53","2,281.74","2,239.92","","0.39%"
"11-01-2023","2,265.50","2,232.55","2,265.63","2,232.55","","1.82%"
"10-01-2023","2,224.95","2,203.87","2,225.22","2,197.67","","0.74%"
"09-01-2023","2,208.60","2,208.77","2,245.84","2,206.45","","0.46%"
"06-01-2023","2,198.40","2,154.27","2,205.16","2,141.33","","2.43%"
"05-01-2023","2,146.29","2,177.20","2,177.20","2,143.59","","-1.64%"
"04-01-2023","2,182.09","2,182.43","2,193.65","2,159.84","","0.39%"
"03-01-2023","2,173.55","2,202.66","2,217.72","2,156.35","","-0.81%"
"30-12-2022","2,191.28","2,191.93","2,191.93","2,165.97","","-0.26%"
"29-12-2022","2,196.94","2,158.75","2,202.19","2,158.75","","2.21%"
"28-12-2022","2,149.50","2,178.29","2,190.79","2,148.08","","-1.29%"
"27-12-2022","2,177.63","2,195.57","2,195.57","2,171.86","","-0.95%"
"23-12-2022","2,198.59","2,182.91","2,199.48","2,165.62","","0.39%"
"22-12-2022","2,189.96","2,219.31","2,219.31","2,157.08","","-1.98%"
"21-12-2022","2,234.10","2,205.82","2,241.99","2,205.82","","1.61%"
"20-12-2022","2,198.74","2,194.66","2,210.35","2,180.46","","0.00%"
"19-12-2022","2,198.74","2,229.76","2,229.76","2,189.12","","-1.33%"
"16-12-2022","2,228.33","2,248.56","2,252.34","2,215.24","","-1.13%"
"15-12-2022","2,253.78","2,305.85","2,305.85","2,245.39","","-3.02%"
"14-12-2022","2,324.03","2,337.85","2,359.13","2,303.01","","-0.64%"
"13-12-2022","2,338.95","2,357.81","2,396.22","2,320.65","","0.88%"
"12-12-2022","2,318.66","2,285.09","2,318.74","2,285.09","","1.52%"
"09-12-2022","2,283.93","2,296.79","2,311.20","2,283.27","","-0.76%"
"08-12-2022","2,301.31","2,284.32","2,307.61","2,274.06","","1.11%"
"07-12-2022","2,276.14","2,278.75","2,290.82","2,265.99","","-0.33%"
"06-12-2022","2,283.74","2,324.22","2,325.40","2,269.97","","-1.77%"
"05-12-2022","2,324.95","2,356.56","2,358.92","2,298.01","","-1.89%"
"02-12-2022","2,369.82","2,349.88","2,376.46","2,339.45","","-0.18%"
"01-12-2022","2,374.15","2,376.55","2,386.23","2,353.47","","0.05%"
"30-11-2022","2,372.95","2,278.41","2,372.95","2,274.68","","4.14%"
"29-11-2022","2,278.66","2,292.39","2,296.64","2,269.32","","-0.62%"
"28-11-2022","2,292.85","2,311.13","2,324.46","2,286.93","","-1.55%"
"25-11-2022","2,328.91","2,330.17","2,335.03","2,323.80","","-0.28%"
"23-11-2022","2,335.44","2,313.26","2,340.79","2,313.26","","0.94%"
"22-11-2022","2,313.58","2,286.18","2,314.77","2,277.10","","1.43%"
"21-11-2022","2,280.93","2,296.91","2,297.88","2,275.92","","-0.88%"
"18-11-2022","2,301.23","2,309.01","2,317.24","2,283.06","","0.23%"
"17-11-2022","2,295.87","2,293.18","2,305.20","2,273.73","","-0.42%"
"16-11-2022","2,305.48","2,324.93","2,324.93","2,301.08","","-1.00%"
"15-11-2022","2,328.76","2,319.11","2,354.99","2,305.61","","1.20%"
"14-11-2022","2,301.18","2,318.37","2,331.96","2,299.67","","-1.15%"
"11-11-2022","2,327.91","2,298.84","2,332.96","2,287.43","","1.43%"
"10-11-2022","2,295.13","2,200.07","2,296.23","2,200.07","","7.04%"
"09-11-2022","2,144.26","2,187.15","2,187.15","2,141.85","","-2.40%"
"08-11-2022","2,197.10","2,193.86","2,220.42","2,169.70","","0.62%"
"07-11-2022","2,183.57","2,167.32","2,188.10","2,153.29","","1.00%"
"04-11-2022","2,161.99","2,166.14","2,180.86","2,120.32","","1.06%"
"03-11-2022","2,139.42","2,157.02","2,165.95","2,134.19","","-1.66%"
"02-11-2022","2,175.53","2,244.62","2,265.85","2,175.04","","-3.23%"
"01-11-2022","2,248.21","2,285.30","2,297.60","2,242.97","","-0.94%"
"31-10-2022","2,269.53","2,276.14","2,281.87","2,257.69","","-0.91%"
"28-10-2022","2,290.47","2,241.32","2,293.72","2,230.45","","2.52%"
"27-10-2022","2,234.09","2,257.72","2,269.32","2,231.95","","-0.93%"
"26-10-2022","2,255.04","2,266.84","2,298.16","2,248.96","","-1.69%"
"25-10-2022","2,293.85","2,252.13","2,295.68","2,252.13","","1.96%"
"24-10-2022","2,249.74","2,231.12","2,257.24","2,206.47","","1.18%"
"21-10-2022","2,223.47","2,169.24","2,226.42","2,158.24","","2.40%"
"20-10-2022","2,171.36","2,187.19","2,214.31","2,163.95","","-0.65%"
"19-10-2022","2,185.51","2,193.51","2,207.00","2,166.64","","-0.71%"
"18-10-2022","2,201.15","2,197.32","2,235.09","2,181.31","","1.10%"
"17-10-2022","2,177.12","2,127.73","2,182.43","2,127.73","","3.22%"
"14-10-2022","2,109.15","2,189.45","2,195.86","2,107.10","","-2.86%"
"13-10-2022","2,171.14","2,072.12","2,181.45","2,062.23","","2.19%"
"12-10-2022","2,124.62","2,129.57","2,141.84","2,120.41","","-0.14%"
"11-10-2022","2,127.55","2,140.75","2,161.62","2,113.99","","-0.96%"
"10-10-2022","2,148.09","2,174.45","2,175.48","2,129.70","","-1.00%"
"07-10-2022","2,169.83","2,219.57","2,219.57","2,159.10","","-3.43%"
"06-10-2022","2,246.87","2,260.09","2,278.92","2,244.06","","-0.76%"
"05-10-2022","2,263.99","2,237.00","2,277.88","2,220.86","","-0.06%"
"04-10-2022","2,265.45","2,229.84","2,267.27","2,229.84","","3.23%"
"03-10-2022","2,194.62","2,158.75","2,207.11","2,149.31","","2.35%"
"30-09-2022","2,144.21","2,178.63","2,202.71","2,143.72","","-1.67%"
"29-09-2022","2,180.72","2,230.85","2,230.85","2,158.79","","-2.45%"
"28-09-2022","2,235.51","2,197.61","2,245.67","2,183.99","","1.86%"
"27-09-2022","2,194.69","2,205.31","2,237.76","2,178.78","","0.10%"
"26-09-2022","2,192.41","2,203.25","2,231.75","2,189.10","","-0.66%"
"23-09-2022","2,207.04","2,235.87","2,235.87","2,179.63","","-1.61%"
"22-09-2022","2,243.17","2,265.24","2,265.24","2,235.82","","-1.12%"
"21-09-2022","2,268.56","2,316.11","2,344.61","2,268.27","","-1.75%"
"20-09-2022","2,309.02","2,324.05","2,324.53","2,291.47","","-0.93%"
"19-09-2022","2,330.74","2,299.94","2,331.42","2,291.57","","0.78%"
"16-09-2022","2,312.62","2,322.31","2,322.31","2,286.96","","-0.83%"
"15-09-2022","2,331.89","2,361.02","2,373.61","2,322.11","","-1.46%"
"14-09-2022","2,366.49","2,357.00","2,374.83","2,344.87","","0.56%"
"13-09-2022","2,353.23","2,456.42","2,456.42","2,346.98","","-4.87%"
"12-09-2022","2,473.73","2,447.30","2,475.11","2,447.30","","1.23%"
"09-09-2022","2,443.67","2,405.99","2,448.93","2,405.99","","1.89%"
"08-09-2022","2,398.32","2,379.39","2,403.89","2,360.89","","0.56%"
"07-09-2022","2,385.08","2,337.95","2,390.86","2,337.95","","2.01%"
"06-09-2022","2,338.08","2,350.59","2,359.49","2,322.30","","-0.43%"
"02-09-2022","2,348.11","2,400.18","2,408.89","2,336.42","","-1.17%"
"01-09-2022","2,375.91","2,356.56","2,378.35","2,331.27","","0.03%"
"31-08-2022","2,375.10","2,407.59","2,417.82","2,374.86","","-0.82%"
"30-08-2022","2,394.77","2,434.20","2,435.57","2,377.70","","-1.07%"
"29-08-2022","2,420.74","2,420.41","2,440.77","2,412.39","","-0.91%"
"26-08-2022","2,443.00","2,539.53","2,542.11","2,443.00","","-3.83%"
"25-08-2022","2,540.27","2,514.61","2,540.92","2,507.36","","1.58%"
"24-08-2022","2,500.86","2,492.36","2,514.25","2,489.29","","0.28%"
"23-08-2022","2,493.99","2,495.08","2,514.96","2,491.27","","-0.19%"
"22-08-2022","2,498.84","2,526.82","2,527.19","2,493.99","","-2.37%"
"19-08-2022","2,559.47","2,595.78","2,595.78","2,553.51","","-1.65%"
"18-08-2022","2,602.34","2,595.12","2,609.57","2,585.68","","0.22%"
"17-08-2022","2,596.62","2,610.94","2,616.42","2,582.27","","-0.79%"
"16-08-2022","2,617.35","2,613.48","2,631.09","2,594.52","","0.02%"
"15-08-2022","2,616.94","2,597.33","2,620.41","2,592.02","","0.57%"
"12-08-2022","2,602.00","2,557.39","2,602.00","2,557.39","","1.97%"
"11-08-2022","2,551.74","2,577.13","2,594.41","2,547.74","","-0.54%"
"10-08-2022","2,565.52","2,528.40","2,566.26","2,528.40","","2.65%"
"09-08-2022","2,499.20","2,517.06","2,517.06","2,492.22","","-0.93%"
"08-08-2022","2,522.63","2,532.61","2,560.09","2,513.66","","-0.25%"
"05-08-2022","2,528.97","2,502.64","2,537.09","2,502.64","","-0.29%"
"04-08-2022","2,536.29","2,529.31","2,538.98","2,514.51","","0.30%"
"03-08-2022","2,528.63","2,489.05","2,535.99","2,488.27","","2.15%"
"02-08-2022","2,475.33","2,468.47","2,505.39","2,460.74","","-0.41%"
"01-08-2022","2,485.42","2,475.27","2,509.18","2,469.39","","-0.23%"
"29-07-2022","2,491.15","2,445.80","2,497.47","2,445.80","","1.88%"
"28-07-2022","2,445.12","2,412.57","2,449.57","2,389.89","","1.54%"
"27-07-2022","2,408.10","2,344.06","2,417.65","2,344.06","","3.59%"
"26-07-2022","2,324.74","2,362.00","2,362.00","2,318.30","","-1.77%"
"25-07-2022","2,366.59","2,373.12","2,376.53","2,351.45","","-0.26%"
"22-07-2022","2,372.69","2,404.89","2,416.78","2,359.42","","-1.37%"
"21-07-2022","2,405.67","2,370.90","2,405.86","2,356.41","","1.40%"
"20-07-2022","2,372.48","2,346.95","2,382.43","2,342.52","","1.15%"
"19-07-2022","2,345.51","2,301.54","2,347.03","2,292.87","","2.95%"
"18-07-2022","2,278.28","2,311.37","2,330.75","2,271.26","","-0.97%"
"15-07-2022","2,300.58","2,270.73","2,300.89","2,270.73","","1.77%"
"14-07-2022","2,260.51","2,244.86","2,265.54","2,210.17","","0.17%"
"13-07-2022","2,256.67","2,249.70","2,273.82","2,218.50","","-0.28%"
"12-07-2022","2,263.01","2,291.66","2,311.83","2,251.55","","-1.28%"
"11-07-2022","2,292.28","2,324.22","2,324.22","2,287.10","","-1.64%"
"08-07-2022","2,330.54","2,322.80","2,340.97","2,304.42","","0.04%"
"07-07-2022","2,329.59","2,290.36","2,333.71","2,290.36","","1.92%"
"06-07-2022","2,285.70","2,276.36","2,302.11","2,263.97","","0.49%"
"05-07-2022","2,274.65","2,240.76","2,275.13","2,205.49","","1.26%"
"01-07-2022","2,246.44","2,222.91","2,247.52","2,205.51","","1.00%"
"30-06-2022","2,224.20","2,243.24","2,247.23","2,190.80","","-1.18%"
"29-06-2022","2,250.80","2,246.20","2,261.76","2,231.06","","0.18%"
"28-06-2022","2,246.69","2,315.26","2,336.22","2,246.05","","-2.81%"
"27-06-2022","2,311.61","2,329.64","2,338.32","2,304.16","","-0.62%"
"24-06-2022","2,325.94","2,251.55","2,327.16","2,251.55","","3.63%"
"23-06-2022","2,244.53","2,213.80","2,249.78","2,207.26","","1.72%"
"22-06-2022","2,206.60","2,198.63","2,236.41","2,182.43","","-0.03%"
"21-06-2022","2,207.34","2,163.28","2,224.79","2,163.28","","2.43%"
"17-06-2022","2,154.89","2,132.98","2,174.11","2,124.82","","1.09%"
"16-06-2022","2,131.62","2,199.11","2,199.11","2,113.57","","-3.97%"
"15-06-2022","2,219.81","2,182.23","2,249.33","2,173.83","","2.32%"
"14-06-2022","2,169.57","2,170.17","2,188.51","2,151.29","","0.06%"
"13-06-2022","2,168.20","2,239.47","2,239.47","2,160.73","","-4.46%"
"10-06-2022","2,269.53","2,342.54","2,342.54","2,269.30","","-3.70%"
"09-06-2022","2,356.63","2,415.02","2,426.09","2,356.14","","-2.63%"
"08-06-2022","2,420.17","2,435.33","2,449.14","2,414.84","","-0.82%"
"07-06-2022","2,440.13","2,408.11","2,443.78","2,383.01","","0.93%"
"06-06-2022","2,417.60","2,422.09","2,453.75","2,407.69","","0.43%"
"03-06-2022","2,407.35","2,443.21","2,443.21","2,398.53","","-2.35%"
"02-06-2022","2,465.17","2,397.70","2,465.71","2,381.32","","2.86%"
"01-06-2022","2,396.74","2,431.07","2,447.09","2,381.92","","-0.78%"
"31-05-2022","2,415.54","2,422.95","2,438.09","2,390.36","","-0.56%"
"27-05-2022","2,429.16","2,364.10","2,429.31","2,364.10","","3.30%"
"26-05-2022","2,351.57","2,286.82","2,361.83","2,286.69","","2.69%"
"25-05-2022","2,289.97","2,252.36","2,305.45","2,244.70","","1.48%"
"24-05-2022","2,256.62","2,283.54","2,283.54","2,220.42","","-2.08%"
"23-05-2022","2,304.65","2,271.01","2,306.74","2,257.21","","1.77%"
"20-05-2022","2,264.56","2,276.64","2,300.57","2,201.60","","-0.24%"
"19-05-2022","2,270.11","2,275.13","2,302.59","2,254.66","","-0.28%"
"18-05-2022","2,276.57","2,386.78","2,386.78","2,269.45","","-4.80%"
"17-05-2022","2,391.46","2,344.15","2,392.56","2,344.15","","2.40%"
"16-05-2022","2,335.40","2,359.86","2,363.97","2,326.54","","-1.13%"
"13-05-2022","2,362.18","2,294.02","2,371.73","2,294.02","","3.54%"
"12-05-2022","2,281.45","2,275.71","2,315.25","2,233.26","","-0.07%"
"11-05-2022","2,283.12","2,344.28","2,374.12","2,278.04","","-2.92%"
"10-05-2022","2,351.89","2,350.95","2,393.15","2,320.55","","0.79%"
"09-05-2022","2,333.38","2,430.31","2,430.31","2,323.65","","-4.08%"
"06-05-2022","2,432.70","2,458.27","2,469.96","2,395.45","","-1.14%"
"05-05-2022","2,460.68","2,574.21","2,574.21","2,433.73","","-4.87%"
"04-05-2022","2,586.67","2,507.15","2,591.14","2,469.77","","3.25%"
"03-05-2022","2,505.26","2,504.24","2,519.57","2,486.48","","0.01%"
"02-05-2022","2,505.04","2,472.26","2,506.51","2,438.23","","1.29%"
"29-04-2022","2,473.03","2,577.89","2,577.89","2,468.73","","-4.28%"
"28-04-2022","2,583.72","2,506.07","2,599.42","2,506.07","","3.37%"
"27-04-2022","2,499.46","2,507.18","2,541.85","2,487.26","","0.32%"
"26-04-2022","2,491.45","2,573.92","2,573.92","2,491.06","","-3.73%"
"25-04-2022","2,588.10","2,552.31","2,589.54","2,530.63","","1.25%"
"22-04-2022","2,556.11","2,629.40","2,635.95","2,553.45","","-2.87%"
"21-04-2022","2,631.51","2,687.36","2,732.21","2,624.51","","-1.93%"
"20-04-2022","2,683.16","2,710.42","2,728.61","2,677.22","","-0.97%"
"19-04-2022","2,709.34","2,651.25","2,714.60","2,645.57","","2.15%"
"18-04-2022","2,652.19","2,652.53","2,669.12","2,631.45","","-0.14%"
"14-04-2022","2,655.93","2,706.99","2,714.62","2,654.92","","-1.93%"
"13-04-2022","2,708.33","2,662.95","2,714.82","2,656.51","","1.73%"
"12-04-2022","2,662.14","2,674.08","2,723.10","2,651.86","","-0.36%"
"11-04-2022","2,671.85","2,729.77","2,729.77","2,669.84","","-2.24%"
"08-04-2022","2,733.04","2,762.14","2,762.14","2,727.77","","-1.09%"
"07-04-2022","2,763.19","2,753.88","2,779.14","2,723.98","","0.33%"
"06-04-2022","2,754.04","2,811.18","2,811.18","2,731.69","","-2.18%"
"05-04-2022","2,815.51","2,870.68","2,870.68","2,808.75","","-1.96%"
"04-04-2022","2,871.83","2,823.07","2,872.29","2,823.07","","1.77%"
"01-04-2022","2,821.79","2,811.96","2,827.44","2,797.80","","0.32%"
"31-03-2022","2,812.70","2,858.97","2,860.76","2,812.69","","-1.60%"
"30-03-2022","2,858.49","2,890.99","2,890.99","2,845.35","","-1.13%"
"29-03-2022","2,891.25","2,844.30","2,897.11","2,844.30","","1.79%"
"28-03-2022","2,840.30","2,798.62","2,840.46","2,790.69","","1.49%"
"25-03-2022","2,798.48","2,800.88","2,808.55","2,767.95","","-0.10%"
"24-03-2022","2,801.30","2,752.24","2,801.52","2,747.24","","1.84%"
"23-03-2022","2,750.79","2,787.55","2,791.09","2,750.41","","-1.39%"
"22-03-2022","2,789.69","2,741.43","2,796.49","2,741.43","","1.76%"
"21-03-2022","2,741.36","2,749.71","2,761.56","2,709.95","","-0.36%"
"18-03-2022","2,751.34","2,694.83","2,752.55","2,679.33","","2.10%"
"17-03-2022","2,694.72","2,656.53","2,695.52","2,636.76","","1.42%"
"16-03-2022","2,656.92","2,574.61","2,657.51","2,572.62","","3.26%"
"15-03-2022","2,572.97","2,497.63","2,578.46","2,497.63","","3.02%"
"14-03-2022","2,497.51","2,539.27","2,557.66","2,492.25","","-1.64%"
"11-03-2022","2,539.04","2,591.77","2,610.65","2,536.65","","-1.95%"
"10-03-2022","2,589.62","2,608.70","2,608.70","2,553.70","","-0.78%"
"09-03-2022","2,609.96","2,518.62","2,620.89","2,518.62","","3.66%"
"08-03-2022","2,517.74","2,528.96","2,588.91","2,498.43","","-0.48%"
"07-03-2022","2,529.78","2,633.82","2,637.83","2,529.18","","-3.94%"
"04-03-2022","2,633.47","2,673.41","2,673.41","2,610.40","","-1.50%"
"03-03-2022","2,673.57","2,711.86","2,729.26","2,661.05","","-1.40%"
"02-03-2022","2,711.41","2,668.74","2,719.87","2,661.49","","1.68%"
"01-03-2022","2,666.52","2,705.69","2,713.19","2,648.11","","-1.49%"
"28-02-2022","2,706.81","2,700.59","2,718.42","2,667.08","","0.22%"
"25-02-2022","2,700.83","2,656.31","2,701.18","2,634.99","","1.68%"
"24-02-2022","2,656.12","2,565.81","2,657.80","2,490.16","","3.25%"
"23-02-2022","2,572.46","2,643.56","2,666.95","2,570.66","","-2.50%"
"22-02-2022","2,638.45","2,670.67","2,683.70","2,612.42","","-1.28%"
"18-02-2022","2,672.63","2,703.02","2,712.83","2,657.04","","-1.08%"
"17-02-2022","2,701.94","2,780.82","2,780.82","2,698.68","","-2.87%"
"16-02-2022","2,781.74","2,783.65","2,790.25","2,743.94","","-0.09%"
"15-02-2022","2,784.24","2,723.22","2,784.94","2,723.22","","2.26%"
"14-02-2022","2,722.67","2,722.49","2,746.06","2,697.04","","0.02%"
"11-02-2022","2,722.06","2,800.81","2,813.77","2,710.47","","-2.80%"
"10-02-2022","2,800.34","2,859.97","2,860.83","2,786.69","","-2.13%"
"09-02-2022","2,861.17","2,805.77","2,861.34","2,805.77","","2.00%"
"08-02-2022","2,804.96","2,773.68","2,811.58","2,757.24","","1.07%"
"07-02-2022","2,775.15","2,795.36","2,817.56","2,766.40","","-0.72%"
"04-02-2022","2,795.29","2,760.16","2,822.07","2,752.14","","1.28%"
"03-02-2022","2,759.88","2,865.98","2,865.98","2,754.83","","-3.77%"
"02-02-2022","2,868.04","2,848.26","2,878.90","2,837.95","","0.70%"
"01-02-2022","2,848.07","2,826.94","2,850.77","2,799.78","","0.75%"
"31-01-2022","2,826.88","2,744.47","2,827.59","2,742.65","","3.01%"
"28-01-2022","2,744.31","2,652.13","2,744.59","2,633.87","","3.51%"
"27-01-2022","2,651.32","2,675.19","2,725.32","2,645.35","","-0.87%"
"26-01-2022","2,674.48","2,680.17","2,760.29","2,646.45","","0.12%"
"25-01-2022","2,671.17","2,728.12","2,728.12","2,645.90","","-2.23%"
"24-01-2022","2,732.05","2,710.90","2,736.67","2,581.96","","0.68%"
"21-01-2022","2,713.58","2,783.50","2,790.71","2,712.73","","-2.52%"
"20-01-2022","2,783.72","2,820.88","2,875.76","2,780.88","","-1.29%"
"19-01-2022","2,820.11","2,851.01","2,885.00","2,818.46","","-1.07%"
"18-01-2022","2,850.75","2,916.37","2,916.37","2,845.73","","-2.29%"
"14-01-2022","2,917.44","2,909.50","2,922.18","2,881.70","","0.24%"
"13-01-2022","2,910.39","2,985.35","2,999.61","2,905.22","","-2.49%"
"12-01-2022","2,984.60","2,976.92","3,009.97","2,971.91","","0.33%"
"11-01-2022","2,974.82","2,938.76","2,976.11","2,917.57","","1.16%"
"10-01-2022","2,940.81","2,942.80","2,942.80","2,857.87","","-0.09%"
"07-01-2022","2,943.42","2,975.53","2,987.74","2,935.13","","-1.08%"
"06-01-2022","2,975.68","2,983.10","2,998.93","2,948.84","","-0.27%"
"05-01-2022","2,983.65","3,080.24","3,080.24","2,982.94","","-3.19%"
"04-01-2022","3,081.86","3,114.94","3,119.27","3,058.38","","-1.05%"
"03-01-2022","3,114.71","3,091.86","3,117.70","3,084.60","","0.73%"
"31-12-2021","3,092.28","3,106.47","3,113.00","3,092.17","","-0.53%"
"30-12-2021","3,108.68","3,120.00","3,134.04","3,106.39","","-0.34%"
"29-12-2021","3,119.24","3,118.01","3,127.07","3,103.59","","0.04%"
"28-12-2021","3,117.95","3,132.53","3,139.70","3,113.44","","-0.45%"
"27-12-2021","3,132.10","3,086.74","3,132.15","3,086.74","","1.50%"
"23-12-2021","3,085.70","3,063.46","3,095.24","3,063.46","","0.74%"
"22-12-2021","3,063.10","3,024.54","3,063.97","3,021.24","","1.27%"
"21-12-2021","3,024.62","2,956.17","3,026.21","2,956.17","","2.34%"
"20-12-2021","2,955.49","2,992.20","2,992.20","2,934.75","","-1.27%"
"17-12-2021","2,993.55","3,005.04","3,020.25","2,965.30","","-0.41%"
"16-12-2021","3,005.89","3,077.93","3,086.29","2,992.38","","-2.22%"
"15-12-2021","3,074.15","3,007.68","3,075.92","2,980.92","","2.21%"
"14-12-2021","3,007.74","3,042.04","3,042.04","2,979.01","","-1.26%"
"13-12-2021","3,046.07","3,083.47","3,088.54","3,045.08","","-1.29%"
"10-12-2021","3,085.88","3,056.26","3,088.18","3,055.21","","1.04%"
"09-12-2021","3,054.14","3,092.25","3,097.87","3,052.89","","-1.27%"
"08-12-2021","3,093.44","3,072.67","3,094.76","3,062.81","","0.68%"
"07-12-2021","3,072.49","2,992.78","3,077.36","2,992.78","","2.93%"
"06-12-2021","2,984.98","2,956.70","2,995.68","2,934.90","","0.98%"
"03-12-2021","2,956.06","3,006.91","3,024.20","2,923.96","","-1.66%"
"02-12-2021","3,005.93","2,974.21","3,018.31","2,961.78","","1.05%"
"01-12-2021","2,974.74","3,032.27","3,077.20","2,973.08","","-1.77%"
"30-11-2021","3,028.25","3,075.48","3,085.65","3,019.34","","-1.59%"
"29-11-2021","3,077.03","3,023.39","3,087.88","3,023.39","","1.86%"
"26-11-2021","3,020.71","3,085.23","3,085.23","3,013.97","","-2.19%"
"24-11-2021","3,088.42","3,068.41","3,088.77","3,037.77","","0.59%"
"23-11-2021","3,070.26","3,084.53","3,089.51","3,036.24","","-0.44%"
"22-11-2021","3,083.73","3,123.73","3,151.72","3,083.30","","-1.25%"
"19-11-2021","3,122.62","3,112.68","3,137.01","3,112.68","","0.33%"
"18-11-2021","3,112.21","3,087.83","3,116.88","3,085.58","","0.80%"
"17-11-2021","3,087.64","3,093.99","3,101.95","3,083.93","","-0.20%"
"16-11-2021","3,093.69","3,064.37","3,098.28","3,061.91","","0.96%"
"15-11-2021","3,064.28","3,068.67","3,079.97","3,052.73","","-0.09%"
"12-11-2021","3,067.06","3,034.67","3,069.67","3,033.33","","1.18%"
"11-11-2021","3,031.33","3,028.85","3,047.35","3,028.85","","0.16%"
"10-11-2021","3,026.59","3,070.45","3,070.45","3,011.22","","-1.47%"
"09-11-2021","3,071.64","3,083.91","3,095.66","3,061.08","","-0.47%"
"08-11-2021","3,086.17","3,085.19","3,094.98","3,081.92","","0.09%"
"05-11-2021","3,083.53","3,078.51","3,099.87","3,071.41","","0.17%"
"04-11-2021","3,078.32","3,044.41","3,082.74","3,044.41","","1.06%"
"03-11-2021","3,046.09","3,022.65","3,048.11","3,013.43","","0.80%"
"02-11-2021","3,022.06","3,011.83","3,025.59","3,008.78","","0.35%"
"01-11-2021","3,011.67","3,008.85","3,016.85","2,996.32","","0.06%"
"29-10-2021","3,009.85","2,993.09","3,011.24","2,969.45","","0.50%"
"28-10-2021","2,994.98","2,962.49","2,995.67","2,962.49","","1.13%"
"27-10-2021","2,961.55","2,961.04","2,987.64","2,961.04","","0.00%"
"26-10-2021","2,961.67","2,958.42","2,986.86","2,954.70","","0.17%"
"25-10-2021","2,956.58","2,933.97","2,963.03","2,928.31","","0.78%"
"22-10-2021","2,933.65","2,947.96","2,949.57","2,919.67","","-0.49%"
"21-10-2021","2,948.03","2,924.30","2,949.26","2,918.60","","0.81%"
"20-10-2021","2,924.36","2,929.45","2,936.35","2,915.67","","-0.15%"
"19-10-2021","2,928.74","2,909.98","2,931.51","2,909.98","","0.67%"
"18-10-2021","2,909.19","2,880.97","2,910.05","2,869.18","","0.96%"
"15-10-2021","2,881.53","2,860.52","2,882.04","2,860.52","","0.76%"
"14-10-2021","2,859.88","2,812.06","2,861.23","2,812.06","","1.78%"
"13-10-2021","2,809.86","2,791.81","2,813.30","2,789.58","","0.71%"
"12-10-2021","2,789.92","2,793.44","2,806.13","2,785.15","","-0.05%"
"11-10-2021","2,791.38","2,806.53","2,825.72","2,790.98","","-0.59%"
"08-10-2021","2,808.01","2,821.85","2,828.61","2,805.69","","-0.42%"
"07-10-2021","2,819.80","2,794.63","2,838.89","2,794.63","","1.01%"
"06-10-2021","2,791.50","2,770.86","2,792.96","2,741.46","","0.64%"
"05-10-2021","2,773.74","2,738.35","2,789.54","2,738.35","","1.32%"
"04-10-2021","2,737.68","2,797.62","2,797.62","2,719.64","","-2.18%"
"01-10-2021","2,798.66","2,771.26","2,806.88","2,750.74","","1.04%"
"30-09-2021","2,769.93","2,792.97","2,811.44","2,769.45","","-0.74%"
"29-09-2021","2,790.48","2,794.05","2,818.43","2,787.09","","-0.09%"
"28-09-2021","2,792.97","2,872.22","2,872.22","2,790.72","","-2.84%"
"27-09-2021","2,874.57","2,895.73","2,895.73","2,862.86","","-0.86%"
"24-09-2021","2,899.49","2,895.60","2,903.11","2,880.08","","0.07%"
"23-09-2021","2,897.53","2,869.63","2,905.37","2,869.63","","1.00%"
"22-09-2021","2,868.71","2,843.01","2,878.69","2,843.01","","0.93%"
"21-09-2021","2,842.19","2,838.01","2,861.98","2,832.24","","0.24%"
"20-09-2021","2,835.48","2,886.82","2,886.82","2,799.75","","-1.90%"
"17-09-2021","2,890.49","2,921.60","2,921.60","2,885.06","","-1.10%"
"16-09-2021","2,922.50","2,916.69","2,926.33","2,897.12","","0.16%"
"15-09-2021","2,917.84","2,896.67","2,921.64","2,884.55","","0.75%"
"14-09-2021","2,896.05","2,903.67","2,916.83","2,890.99","","-0.22%"
"13-09-2021","2,902.37","2,911.19","2,927.93","2,887.75","","-0.15%"
"10-09-2021","2,906.60","2,930.91","2,949.93","2,905.77","","-0.81%"
"09-09-2021","2,930.19","2,941.80","2,954.51","2,929.52","","-0.38%"
"08-09-2021","2,941.32","2,950.64","2,950.64","2,924.18","","-0.31%"
"07-09-2021","2,950.53","2,950.46","2,955.05","2,940.30","","-0.01%"
"03-09-2021","2,950.78","2,941.23","2,953.70","2,931.54","","0.31%"
"02-09-2021","2,941.52","2,942.21","2,954.33","2,932.71","","0.04%"
"01-09-2021","2,940.42","2,935.08","2,953.20","2,935.08","","0.21%"
"31-08-2021","2,934.27","2,943.41","2,943.41","2,929.15","","-0.28%"
"30-08-2021","2,942.64","2,915.36","2,946.63","2,915.36","","1.02%"
"27-08-2021","2,912.89","2,884.48","2,915.70","2,884.48","","1.01%"
"26-08-2021","2,883.86","2,899.82","2,901.51","2,881.67","","-0.55%"
"25-08-2021","2,899.81","2,895.11","2,903.47","2,893.34","","0.16%"
"24-08-2021","2,895.16","2,889.38","2,900.66","2,889.38","","0.24%"
"23-08-2021","2,888.15","2,853.85","2,893.43","2,853.85","","1.22%"
"20-08-2021","2,853.42","2,824.18","2,855.36","2,824.18","","1.08%"
"19-08-2021","2,822.82","2,809.26","2,834.80","2,793.84","","0.34%"
"18-08-2021","2,813.22","2,838.77","2,847.48","2,811.55","","-0.94%"
"17-08-2021","2,839.89","2,865.63","2,865.63","2,821.83","","-0.93%"
"16-08-2021","2,866.56","2,859.65","2,866.77","2,828.01","","0.21%"
"13-08-2021","2,860.62","2,853.65","2,862.89","2,851.46","","0.25%"
"12-08-2021","2,853.51","2,839.54","2,854.38","2,830.71","","0.53%"
"11-08-2021","2,838.50","2,843.53","2,854.95","2,827.69","","-0.17%"
"10-08-2021","2,843.29","2,857.74","2,865.52","2,839.71","","-0.46%"
"09-08-2021","2,856.55","2,855.41","2,860.74","2,847.30","","0.03%"
"06-08-2021","2,855.60","2,867.01","2,867.01","2,847.62","","-0.41%"
"05-08-2021","2,867.34","2,848.72","2,867.60","2,846.94","","0.70%"
"04-08-2021","2,847.47","2,846.30","2,854.56","2,838.03","","0.07%"
"03-08-2021","2,845.52","2,826.39","2,845.63","2,811.76","","0.69%"
"02-08-2021","2,826.01","2,830.48","2,844.77","2,823.25","","-0.09%"
"30-07-2021","2,828.51","2,846.85","2,846.85","2,820.26","","-0.74%"
"29-07-2021","2,849.56","2,845.53","2,860.04","2,842.46","","0.17%"
"28-07-2021","2,844.76","2,840.54","2,853.64","2,826.54","","0.24%"
"27-07-2021","2,838.07","2,866.36","2,866.36","2,809.23","","-1.00%"
"26-07-2021","2,866.70","2,865.90","2,868.08","2,854.73","","0.05%"
"23-07-2021","2,865.35","2,826.73","2,867.20","2,826.73","","1.41%"
"22-07-2021","2,825.56","2,808.17","2,826.23","2,808.17","","0.66%"
"21-07-2021","2,806.98","2,786.42","2,806.99","2,786.31","","0.76%"
"20-07-2021","2,785.77","2,742.95","2,796.76","2,742.89","","1.58%"
"19-07-2021","2,742.45","2,767.70","2,767.70","2,723.25","","-1.10%"
"16-07-2021","2,772.94","2,792.49","2,805.46","2,770.03","","-0.64%"
"15-07-2021","2,790.86","2,807.12","2,807.85","2,776.03","","-0.58%"
"14-07-2021","2,807.00","2,807.38","2,826.17","2,801.72","","0.10%"
"13-07-2021","2,804.12","2,808.80","2,826.47","2,799.38","","-0.18%"
"12-07-2021","2,809.28","2,804.28","2,813.95","2,800.45","","0.20%"
"09-07-2021","2,803.81","2,778.16","2,805.37","2,778.16","","0.85%"
"08-07-2021","2,780.13","2,794.55","2,794.55","2,747.33","","-0.70%"
"07-07-2021","2,799.83","2,794.10","2,808.45","2,783.22","","0.28%"
"06-07-2021","2,792.14","2,776.99","2,793.12","2,766.15","","0.54%"
"02-07-2021","2,777.10","2,747.28","2,778.64","2,747.28","","1.13%"
"01-07-2021","2,746.17","2,737.41","2,746.39","2,730.62","","0.29%"
"30-06-2021","2,738.27","2,742.57","2,744.66","2,735.38","","-0.22%"
"29-06-2021","2,744.33","2,734.91","2,745.81","2,730.20","","0.33%"
"28-06-2021","2,735.20","2,713.26","2,735.66","2,713.26","","0.87%"
"25-06-2021","2,711.66","2,711.13","2,716.49","2,703.64","","0.11%"
"24-06-2021","2,708.63","2,695.03","2,719.96","2,695.03","","0.54%"
"23-06-2021","2,693.97","2,694.13","2,701.95","2,689.59","","0.01%"
"22-06-2021","2,693.59","2,667.74","2,697.00","2,667.39","","0.96%"
"21-06-2021","2,667.89","2,646.04","2,670.09","2,632.47","","0.86%"
"18-06-2021","2,645.25","2,662.14","2,662.14","2,641.18","","-0.68%"
"17-06-2021","2,663.25","2,630.06","2,669.82","2,624.79","","1.25%"
"16-06-2021","2,630.26","2,641.70","2,650.90","2,607.22","","-0.36%"
"15-06-2021","2,639.79","2,656.13","2,656.13","2,636.53","","-0.61%"
"14-06-2021","2,655.96","2,634.06","2,656.14","2,628.44","","0.88%"
"11-06-2021","2,632.80","2,625.62","2,632.81","2,620.50","","0.27%"
"10-06-2021","2,625.66","2,598.33","2,626.19","2,598.33","","1.08%"
"09-06-2021","2,597.72","2,598.19","2,613.41","2,597.29","","0.01%"
"08-06-2021","2,597.41","2,594.77","2,612.94","2,585.86","","0.13%"
"07-06-2021","2,593.92","2,584.62","2,594.16","2,580.37","","0.33%"
"04-06-2021","2,585.27","2,553.10","2,587.48","2,553.10","","1.41%"
"03-06-2021","2,549.20","2,567.24","2,567.24","2,536.37","","-0.83%"
"02-06-2021","2,570.45","2,565.81","2,577.55","2,560.98","","0.20%"
"01-06-2021","2,565.26","2,577.37","2,590.21","2,560.14","","-0.44%"
"28-05-2021","2,576.62","2,573.35","2,592.05","2,573.35","","0.19%"
"27-05-2021","2,571.68","2,579.65","2,584.93","2,571.07","","-0.34%"
"26-05-2021","2,580.45","2,575.57","2,584.82","2,574.87","","0.23%"
"25-05-2021","2,574.57","2,572.52","2,586.14","2,569.36","","0.13%"
"24-05-2021","2,571.17","2,545.17","2,578.78","2,545.17","","1.42%"
"21-05-2021","2,535.18","2,549.89","2,561.41","2,533.85","","-0.48%"
"20-05-2021","2,547.52","2,507.93","2,554.15","2,507.93","","1.69%"