Date,,,,Price
08-Dec-15,,,,7848.48
09-Dec-15,,,,7747.35
10-Dec-15,,,,7815.43
11-Dec-15,,,,7741.92
14-Dec-15,,,,7784.57
15-Dec-15,,,,7831.81
16-Dec-15,,,,7885.52
17-Dec-15,,,,7983.9
18-Dec-15,,,,7915.43
21-Dec-15,,,,7978.61
22-Dec-15,,,,7937.91
23-Dec-15,,,,8011.9
24-Dec-15,,,,8013.14
28-Dec-15,,,,8063.86
29-Dec-15,,,,8079.6
30-Dec-15,,,,8050.48
31-Dec-15,,,,8097.57
01-Jan-16,,,,8123.19
04-Jan-16,,,,7964.36
05-Jan-16,,,,7966.97
06-Jan-16,,,,7920.52
07-Jan-16,,,,7727.05
08-Jan-16,,,,7771.71
11-Jan-16,,,,7731.47
12-Jan-16,,,,7674.9
13-Jan-16,,,,7709.23
14-Jan-16,,,,7674.88
15-Jan-16,,,,7554.78
18-Jan-16,,,,7453.06
19-Jan-16,,,,7538.45
20-Jan-16,,,,7405.06
21-Jan-16,,,,7370.79
22-Jan-16,,,,7515.69
25-Jan-16,,,,7526.39
27-Jan-16,,,,7531.88
28-Jan-16,,,,7520.52
29-Jan-16,,,,7651.7
01-Feb-16,,,,7649.86
02-Feb-16,,,,7545.22
03-Feb-16,,,,7441.67
04-Feb-16,,,,7479.52
05-Feb-16,,,,7580.19
08-Feb-16,,,,7490.43
09-Feb-16,,,,7389.27
10-Feb-16,,,,7301.99
11-Feb-16,,,,7056.67
12-Feb-16,,,,7062.4
15-Feb-16,,,,7252.71
16-Feb-16,,,,7129.62
17-Feb-16,,,,7184.62
18-Feb-16,,,,7261.65
19-Feb-16,,,,7281.95
22-Feb-16,,,,7312.63
23-Feb-16,,,,7193.38
24-Feb-16,,,,7100.67
25-Feb-16,,,,7050.96
26-Feb-16,,,,7106.9
29-Feb-16,,,,7075.44
01-Mar-16,,,,7309.69
02-Mar-16,,,,7453.51
03-Mar-16,,,,7555.93
04-Mar-16,,,,7581.57
08-Mar-16,,,,7582.78
09-Mar-16,,,,7629.57
10-Mar-16,,,,7582.6
11-Mar-16,,,,7604.43
14-Mar-16,,,,7630.28
15-Mar-16,,,,7561.14
16-Mar-16,,,,7585.29
17-Mar-16,,,,7600.28
18-Mar-16,,,,7686.29
21-Mar-16,,,,7790.19
22-Mar-16,,,,7807.12
23-Mar-16,,,,7807.85
28-Mar-16,,,,7702.24
29-Mar-16,,,,7687.14
30-Mar-16,,,,7823.12
31-Mar-16,,,,7835.45
01-Apr-16,,,,7818.4
04-Apr-16,,,,7858.73
05-Apr-16,,,,7702.69
06-Apr-16,,,,7717.83
07-Apr-16,,,,7655.79
08-Apr-16,,,,7668.1
11-Apr-16,,,,7776.09
12-Apr-16,,,,7820.16
13-Apr-16,,,,7956.38
18-Apr-16,,,,8019.47
20-Apr-16,,,,8026.22
21-Apr-16,,,,8025.92
22-Apr-16,,,,8022.05
25-Apr-16,,,,7980.17
26-Apr-16,,,,8082.95
27-Apr-16,,,,8100.2
28-Apr-16,,,,7972.13
29-Apr-16,,,,7973.88
02-May-16,,,,7952.22
03-May-16,,,,7891.91
04-May-16,,,,7832.77
05-May-16,,,,7863
06-May-16,,,,7860.61
09-May-16,,,,7990.42
10-May-16,,,,8009.02
11-May-16,,,,7969.92
12-May-16,,,,8030.37
13-May-16,,,,7944.5
16-May-16,,,,7987.85
17-May-16,,,,8014.33
18-May-16,,,,7995.91
19-May-16,,,,7901.22
20-May-16,,,,7869.89
23-May-16,,,,7851.53
24-May-16,,,,7863.81
25-May-16,,,,8040.03
26-May-16,,,,8170.77
27-May-16,,,,8266.43
30-May-16,,,,8288.71
31-May-16,,,,8276.73
01-Jun-16,,,,8284.23
02-Jun-16,,,,8325.92
03-Jun-16,,,,8329.02
06-Jun-16,,,,8311.64
07-Jun-16,,,,8372.43
08-Jun-16,,,,8385.7
09-Jun-16,,,,8326.44
10-Jun-16,,,,8291.57
13-Jun-16,,,,8232.98
14-Jun-16,,,,8233.05
15-Jun-16,,,,8323.26
16-Jun-16,,,,8261.29
17-Jun-16,,,,8284.14
20-Jun-16,,,,8356.93
21-Jun-16,,,,8340.65
22-Jun-16,,,,8322.62
23-Jun-16,,,,8383.85
24-Jun-16,,,,8204.75
27-Jun-16,,,,8226.29
28-Jun-16,,,,8266.03
29-Jun-16,,,,8336.05
30-Jun-16,,,,8429.96
01-Jul-16,,,,8486.19
04-Jul-16,,,,8530.77
05-Jul-16,,,,8501.49
07-Jul-16,,,,8501.27
08-Jul-16,,,,8488.56
11-Jul-16,,,,8638.03
12-Jul-16,,,,8691.23
13-Jul-16,,,,8684.82
14-Jul-16,,,,8734.16
15-Jul-16,,,,8712.3
18-Jul-16,,,,8677.86
19-Jul-16,,,,8691.87
20-Jul-16,,,,8741.05
21-Jul-16,,,,8687.27
22-Jul-16,,,,8735.21
25-Jul-16,,,,8830.36
26-Jul-16,,,,8795.96
27-Jul-16,,,,8829.23
28-Jul-16,,,,8875.16
29-Jul-16,,,,8856.01
01-Aug-16,,,,8852.99
02-Aug-16,,,,8828.97
03-Aug-16,,,,8738.91
04-Aug-16,,,,8753.5
05-Aug-16,,,,8890.33
08-Aug-16,,,,8934.16
09-Aug-16,,,,8895.07
10-Aug-16,,,,8781.58
11-Aug-16,,,,8794.06
12-Aug-16,,,,8874.27
16-Aug-16,,,,8862.41
17-Aug-16,,,,8853.66
18-Aug-16,,,,8904.33
19-Aug-16,,,,8906
22-Aug-16,,,,8868.14
23-Aug-16,,,,8865.66
24-Aug-16,,,,8896.04
25-Aug-16,,,,8840.37
26-Aug-16,,,,8824.28
29-Aug-16,,,,8854.24
30-Aug-16,,,,8985.53
31-Aug-16,,,,9021.45
01-Sep-16,,,,8999.65
02-Sep-16,,,,9035.82
06-Sep-16,,,,9177.17
07-Sep-16,,,,9168.93
08-Sep-16,,,,9203.02
09-Sep-16,,,,9120.03
12-Sep-16,,,,8940.59
14-Sep-16,,,,8976
15-Sep-16,,,,8972.98
16-Sep-16,,,,9018.31
19-Sep-16,,,,9040.49
20-Sep-16,,,,9008.92
21-Sep-16,,,,9005.76
22-Sep-16,,,,9104.7
23-Sep-16,,,,9078.31
26-Sep-16,,,,8980.44
27-Sep-16,,,,8959.19
28-Sep-16,,,,9005.12
29-Sep-16,,,,8812.87
30-Sep-16,,,,8863.71
03-Oct-16,,,,9010.51
04-Oct-16,,,,9046.32
05-Oct-16,,,,9030.7
06-Oct-16,,,,9000.54
07-Oct-16,,,,8988.92
10-Oct-16,,,,8994.19
13-Oct-16,,,,8847.04
14-Oct-16,,,,8867.4
17-Oct-16,,,,8795.56
18-Oct-16,,,,8957.95
19-Oct-16,,,,8950.66
20-Oct-16,,,,8990.13
21-Oct-16,,,,8990.65
24-Oct-16,,,,9008.94
25-Oct-16,,,,8989.74
26-Oct-16,,,,8911.76
27-Oct-16,,,,8895.3
28-Oct-16,,,,8925.39
30-Oct-16,,,,8928.2
01-Nov-16,,,,8920.18
02-Nov-16,,,,8797.42
03-Nov-16,,,,8753.42
04-Nov-16,,,,8684.88
07-Nov-16,,,,8754.54
08-Nov-16,,,,8796.13
09-Nov-16,,,,8673.18
10-Nov-16,,,,8786.49
11-Nov-16,,,,8537.57
15-Nov-16,,,,8317.5
16-Nov-16,,,,8322.93
17-Nov-16,,,,8304.76
18-Nov-16,,,,8299.01
21-Nov-16,,,,8137.69
22-Nov-16,,,,8218.14
23-Nov-16,,,,8260.55
24-Nov-16,,,,8206.62
25-Nov-16,,,,8350.96
28-Nov-16,,,,8371.89
29-Nov-16,,,,8390.39
30-Nov-16,,,,8479.68
01-Dec-16,,,,8436.01
02-Dec-16,,,,8327.01
05-Dec-16,,,,8375.62
06-Dec-16,,,,8393.29
07-Dec-16,,,,8355.4
08-Dec-16,,,,8499.35
09-Dec-16,,,,8512.42
12-Dec-16,,,,8417.8
13-Dec-16,,,,8454.58
14-Dec-16,,,,8412.3
15-Dec-16,,,,8388.58
16-Dec-16,,,,8368.86
19-Dec-16,,,,8335.17
20-Dec-16,,,,8300.72
21-Dec-16,,,,8287.2
22-Dec-16,,,,8195.28
23-Dec-16,,,,8193.54
26-Dec-16,,,,8093.89
27-Dec-16,,,,8223.47
28-Dec-16,,,,8233.47
29-Dec-16,,,,8303.55
30-Dec-16,,,,8386.69
02-Jan-17,,,,8398.72
03-Jan-17,,,,8422.82
04-Jan-17,,,,8414.95
05-Jan-17,,,,8506.71
06-Jan-17,,,,8478.29
09-Jan-17,,,,8473.64
10-Jan-17,,,,8527.52
11-Jan-17,,,,8628.46
12-Jan-17,,,,8652.89
13-Jan-17,,,,8650.13
16-Jan-17,,,,8674.94
17-Jan-17,,,,8662.32
18-Jan-17,,,,8688.98
19-Jan-17,,,,8706.7
20-Jan-17,,,,8612.97
23-Jan-17,,,,8662.84
24-Jan-17,,,,8749.78
25-Jan-17,,,,8872.42
27-Jan-17,,,,8919.83
30-Jan-17,,,,8916.69
31-Jan-17,,,,8831.71
01-Feb-17,,,,8999.55
02-Feb-17,,,,9027.71
03-Feb-17,,,,9037.9
06-Feb-17,,,,9099.99
07-Feb-17,,,,9068.87
08-Feb-17,,,,9079.78
09-Feb-17,,,,9091.71
10-Feb-17,,,,9094.26
13-Feb-17,,,,9102.88
14-Feb-17,,,,9085.37
15-Feb-17,,,,8998.05
16-Feb-17,,,,9073.18
17-Feb-17,,,,9124.02
20-Feb-17,,,,9187.23
21-Feb-17,,,,9229.14
22-Feb-17,,,,9235.46
23-Feb-17,,,,9239.67
27-Feb-17,,,,9200.98
28-Feb-17,,,,9190.73
01-Mar-17,,,,9251.54
02-Mar-17,,,,9180.45
03-Mar-17,,,,9187.65
06-Mar-17,,,,9251.14
07-Mar-17,,,,9237.04
08-Mar-17,,,,9206.01
09-Mar-17,,,,9207.59
10-Mar-17,,,,9208.05
14-Mar-17,,,,9365.61
15-Mar-17,,,,9375.43
16-Mar-17,,,,9456.41
17-Mar-17,,,,9464.7
20-Mar-17,,,,9443.07
21-Mar-17,,,,9425.43
22-Mar-17,,,,9329.42
23-Mar-17,,,,9393.65
24-Mar-17,,,,9417.63
27-Mar-17,,,,9363.9
28-Mar-17,,,,9421.01
29-Mar-17,,,,9455.32
30-Mar-17,,,,9489.97
31-Mar-17,,,,9494.36
03-Apr-17,,,,9558.52
05-Apr-17,,,,9597.51
06-Apr-17,,,,9597.23
07-Apr-17,,,,9535.01
10-Apr-17,,,,9529.51
11-Apr-17,,,,9586.49
12-Apr-17,,,,9554.71
13-Apr-17,,,,9496.44
17-Apr-17,,,,9483.74
18-Apr-17,,,,9438.57
19-Apr-17,,,,9450.53
20-Apr-17,,,,9487.39
21-Apr-17,,,,9472.75
24-Apr-17,,,,9569.87
25-Apr-17,,,,9670.19
26-Apr-17,,,,9707.15
27-Apr-17,,,,9693.59
28-Apr-17,,,,9669.96
02-May-17,,,,9690.97
03-May-17,,,,9683.68
04-May-17,,,,9734.53
05-May-17,,,,9648.5
08-May-17,,,,9682.35
09-May-17,,,,9696.79
10-May-17,,,,9796.93
11-May-17,,,,9809.33
12-May-17,,,,9775.99
15-May-17,,,,9820.95
16-May-17,,,,9883.62
17-May-17,,,,9889.81
18-May-17,,,,9768.46
19-May-17,,,,9760.08
22-May-17,,,,9760.63
23-May-17,,,,9688.12
24-May-17,,,,9647.47
25-May-17,,,,9791.97
26-May-17,,,,9903.68
29-May-17,,,,9891.13
30-May-17,,,,9917.18
31-May-17,,,,9928.65
01-Jun-17,,,,9926.73
02-Jun-17,,,,9971.63
05-Jun-17,,,,9999.73
06-Jun-17,,,,9952.09
07-Jun-17,,,,9983.76
08-Jun-17,,,,9971.71
09-Jun-17,,,,9990.61
12-Jun-17,,,,9940.06
13-Jun-17,,,,9936.76
14-Jun-17,,,,9943.89
15-Jun-17,,,,9913.55
16-Jun-17,,,,9920.24
19-Jun-17,,,,9986.51
20-Jun-17,,,,9990
21-Jun-17,,,,9970.53
22-Jun-17,,,,9958.3
23-Jun-17,,,,9890.75
27-Jun-17,,,,9825.54
28-Jun-17,,,,9811.12
29-Jun-17,,,,9826.67
30-Jun-17,,,,9852.86
03-Jul-17,,,,9958.78
04-Jul-17,,,,9952.43
05-Jul-17,,,,9988.3
06-Jul-17,,,,10024.59
07-Jul-17,,,,10018.27
10-Jul-17,,,,10127.38
11-Jul-17,,,,10123.58
12-Jul-17,,,,10165.87
13-Jul-17,,,,10239.38
14-Jul-17,,,,10239.08
17-Jul-17,,,,10268.75
18-Jul-17,,,,10178.05
19-Jul-17,,,,10264.9
20-Jul-17,,,,10234.99
21-Jul-17,,,,10270.72
24-Jul-17,,,,10320.45
25-Jul-17,,,,10328.47
26-Jul-17,,,,10378.44
27-Jul-17,,,,10375.45
28-Jul-17,,,,10374.33
31-Jul-17,,,,10432.76
01-Aug-17,,,,10465.1
02-Aug-17,,,,10433.86
03-Aug-17,,,,10380.33
04-Aug-17,,,,10444.69
07-Aug-17,,,,10462.75
08-Aug-17,,,,10369.81
09-Aug-17,,,,10280.33
10-Aug-17,,,,10154.07
11-Aug-17,,,,10063.16
14-Aug-17,,,,10167.1
16-Aug-17,,,,10273.22
17-Aug-17,,,,10276.54
18-Aug-17,,,,10216.53
21-Aug-17,,,,10117.77
22-Aug-17,,,,10121.67
23-Aug-17,,,,10219.04
24-Aug-17,,,,10237.18
28-Aug-17,,,,10304.41
29-Aug-17,,,,10184.51
30-Aug-17,,,,10289.81
31-Aug-17,,,,10315.16
01-Sep-17,,,,10383.65
04-Sep-17,,,,10311.07
05-Sep-17,,,,10357.5
06-Sep-17,,,,10331.2
07-Sep-17,,,,10361.33
08-Sep-17,,,,10351.9
11-Sep-17,,,,10430.13
12-Sep-17,,,,10520.15
13-Sep-17,,,,10502.36
14-Sep-17,,,,10521.34
15-Sep-17,,,,10515.62
18-Sep-17,,,,10577.48
19-Sep-17,,,,10580.47
20-Sep-17,,,,10570.46
21-Sep-17,,,,10537.48
22-Sep-17,,,,10353.92
25-Sep-17,,,,10252.78
26-Sep-17,,,,10254.42
27-Sep-17,,,,10105.47
28-Sep-17,,,,10142.31
29-Sep-17,,,,10172.64
03-Oct-17,,,,10255.94
04-Oct-17,,,,10307.94
05-Oct-17,,,,10292.68
06-Oct-17,,,,10383.08
09-Oct-17,,,,10397.62
10-Oct-17,,,,10427.14
11-Oct-17,,,,10389.24
12-Oct-17,,,,10502.05
13-Oct-17,,,,10567.54
16-Oct-17,,,,10625.5
17-Oct-17,,,,10636.26
18-Oct-17,,,,10612.71
19-Oct-17,,,,10552.02
23-Oct-17,,,,10585.44
24-Oct-17,,,,10608.35
25-Oct-17,,,,10712.24
26-Oct-17,,,,10761.8
27-Oct-17,,,,10748.3
30-Oct-17,,,,10798.73
31-Oct-17,,,,10776.46
01-Nov-17,,,,10878.63
02-Nov-17,,,,10875.98
03-Nov-17,,,,10903.38
06-Nov-17,,,,10919.28
07-Nov-17,,,,10803.73
08-Nov-17,,,,10749.9
09-Nov-17,,,,10769.96
10-Nov-17,,,,10767.96
13-Nov-17,,,,10679.99
14-Nov-17,,,,10641.78
15-Nov-17,,,,10558.62
16-Nov-17,,,,10663.18
17-Nov-17,,,,10743.38
20-Nov-17,,,,10761.07
21-Nov-17,,,,10793.18
22-Nov-17,,,,10801.37
23-Nov-17,,,,10810.35
24-Nov-17,,,,10850.76
27-Nov-17,,,,10865.08
28-Nov-17,,,,10842
29-Nov-17,,,,10833.12
30-Nov-17,,,,10705.43
01-Dec-17,,,,10593.22
04-Dec-17,,,,10599.23
05-Dec-17,,,,10591.1
06-Dec-17,,,,10509.95
07-Dec-17,,,,10646.3
08-Dec-17,,,,10745.63
11-Dec-17,,,,10802.56
12-Dec-17,,,,10717.78
13-Dec-17,,,,10653.51
14-Dec-17,,,,10709.18
15-Dec-17,,,,10797.5
18-Dec-17,,,,10851.02
19-Dec-17,,,,10943.49
20-Dec-17,,,,10931.34
21-Dec-17,,,,10934.66
22-Dec-17,,,,10983.52
26-Dec-17,,,,11020.91
27-Dec-17,,,,10984.51
28-Dec-17,,,,10968.82
29-Dec-17,,,,11029.78
01-Jan-18,,,,10960.57
02-Jan-18,,,,10947.17
03-Jan-18,,,,10956.71
04-Jan-18,,,,11023.55
05-Jan-18,,,,11093.81
08-Jan-18,,,,11166.22
09-Jan-18,,,,11175.63
10-Jan-18,,,,11163.81
11-Jan-18,,,,11184.38
12-Jan-18,,,,11204.58
15-Jan-18,,,,11254.26
16-Jan-18,,,,11190.51
17-Jan-18,,,,11282
18-Jan-18,,,,11272.94
19-Jan-18,,,,11353.8
22-Jan-18,,,,11434.66
23-Jan-18,,,,11547.46
24-Jan-18,,,,11543.84
25-Jan-18,,,,11493.1
29-Jan-18,,,,11541.4
30-Jan-18,,,,11462.86
31-Jan-18,,,,11419.07
01-Feb-18,,,,11400.03
02-Feb-18,,,,11115.45
05-Feb-18,,,,11036.41
06-Feb-18,,,,10854.75
07-Feb-18,,,,10838
08-Feb-18,,,,10958.39
09-Feb-18,,,,10851.72
12-Feb-18,,,,10946.65
14-Feb-18,,,,10912.23
15-Feb-18,,,,10937.42
16-Feb-18,,,,10837.84
19-Feb-18,,,,10749.63
20-Feb-18,,,,10742.66
21-Feb-18,,,,10769.18
22-Feb-18,,,,10739.34
23-Feb-18,,,,10856.55
26-Feb-18,,,,10956.8
27-Feb-18,,,,10919.15
28-Feb-18,,,,10864.95
01-Mar-18,,,,10821.14
05-Mar-18,,,,10713.77
06-Mar-18,,,,10602.72
07-Mar-18,,,,10508.94
08-Mar-18,,,,10587.38
09-Mar-18,,,,10577.79
12-Mar-18,,,,10751.18
13-Mar-18,,,,10773.76
14-Mar-18,,,,10772.16
15-Mar-18,,,,10730.03
16-Mar-18,,,,10579.91
19-Mar-18,,,,10465.66
20-Mar-18,,,,10495.58
21-Mar-18,,,,10531.84
22-Mar-18,,,,10484.41
23-Mar-18,,,,10368.33
26-Mar-18,,,,10507.46
27-Mar-18,,,,10565.09
28-Mar-18,,,,10502.61
02-Apr-18,,,,10612.02
03-Apr-18,,,,10655.46
04-Apr-18,,,,10535.14
05-Apr-18,,,,10728.58
06-Apr-18,,,,10755.18
09-Apr-18,,,,10798.01
10-Apr-18,,,,10816.46
11-Apr-18,,,,10824.52
12-Apr-18,,,,10862
13-Apr-18,,,,10886.53
16-Apr-18,,,,10933.47
17-Apr-18,,,,10957.18
18-Apr-18,,,,10939.81
19-Apr-18,,,,10984.64
20-Apr-18,,,,10979.37
23-Apr-18,,,,10994.01
24-Apr-18,,,,11019.45
25-Apr-18,,,,10972.66
26-Apr-18,,,,11022.42
27-Apr-18,,,,11097.13
30-Apr-18,,,,11152.97
02-May-18,,,,11108.66
03-May-18,,,,11055.65
04-May-18,,,,10998
07-May-18,,,,11089.9
08-May-18,,,,11090.3
09-May-18,,,,11098.12
10-May-18,,,,11048.85
11-May-18,,,,11135.47
14-May-18,,,,11116.44
15-May-18,,,,11104.34
16-May-18,,,,11053.15
17-May-18,,,,11005.16
18-May-18,,,,10901.9
21-May-18,,,,10810.78
22-May-18,,,,10849.16
23-May-18,,,,10743.83
24-May-18,,,,10816.57
25-May-18,,,,10928.9
28-May-18,,,,11022.84
29-May-18,,,,10963.08
30-May-18,,,,10943.7
31-May-18,,,,11040.77
01-Jun-18,,,,10995.66
04-Jun-18,,,,10920.14
05-Jun-18,,,,10874.72
06-Jun-18,,,,10978.95
07-Jun-18,,,,11070.77
08-Jun-18,,,,11080.44
11-Jun-18,,,,11095.81
12-Jun-18,,,,11154.39
13-Jun-18,,,,11165.57
14-Jun-18,,,,11126.62
15-Jun-18,,,,11119.57
18-Jun-18,,,,11101.22
19-Jun-18,,,,11014.64
20-Jun-18,,,,11072.82
21-Jun-18,,,,11033.02
22-Jun-18,,,,11112.05
25-Jun-18,,,,11046.49
26-Jun-18,,,,11053.63
27-Jun-18,,,,10945.74
28-Jun-18,,,,10852.85
29-Jun-18,,,,10987.71
02-Jul-18,,,,10932.79
03-Jul-18,,,,10982.38
04-Jul-18,,,,11040.33
05-Jul-18,,,,11014.56
06-Jul-18,,,,11039.34
09-Jul-18,,,,11126.02
10-Jul-18,,,,11219.37
11-Jul-18,,,,11204.96
12-Jul-18,,,,11265.3
13-Jul-18,,,,11247.09
16-Jul-18,,,,11144.47
17-Jul-18,,,,11237.2
18-Jul-18,,,,11183.99
19-Jul-18,,,,11157.79
20-Jul-18,,,,11213.31
23-Jul-18,,,,11298.7
24-Jul-18,,,,11377.58
25-Jul-18,,,,11373.97
26-Jul-18,,,,11425.43
27-Jul-18,,,,11535.04
30-Jul-18,,,,11582.46
31-Jul-18,,,,11625.85
01-Aug-18,,,,11617.69
02-Aug-18,,,,11529.01
03-Aug-18,,,,11633.83
06-Aug-18,,,,11663.47
07-Aug-18,,,,11659.81
08-Aug-18,,,,11714.77
09-Aug-18,,,,11748.3
10-Aug-18,,,,11697.12
13-Aug-18,,,,11624.18
14-Aug-18,,,,11700.53
16-Aug-18,,,,11648.71
17-Aug-18,,,,11747.65
20-Aug-18,,,,11841.09
21-Aug-18,,,,11863.62
23-Aug-18,,,,11892.38
24-Aug-18,,,,11870
27-Aug-18,,,,12002.1
28-Aug-18,,,,12035.7
29-Aug-18,,,,12009.14
30-Aug-18,,,,12003.94
31-Aug-18,,,,12016.97
03-Sep-18,,,,11920.05
04-Sep-18,,,,11806.32
05-Sep-18,,,,11760.93
06-Sep-18,,,,11822.88
07-Sep-18,,,,11894.69
10-Sep-18,,,,11732.87
11-Sep-18,,,,11565.91
12-Sep-18,,,,11651.98
14-Sep-18,,,,11805.54
17-Sep-18,,,,11670.95
18-Sep-18,,,,11566.44
19-Sep-18,,,,11520.02
21-Sep-18,,,,11406.65
24-Sep-18,,,,11200.53
25-Sep-18,,,,11305.99
26-Sep-18,,,,11296.97
27-Sep-18,,,,11208.4
28-Sep-18,,,,11140.99
01-Oct-18,,,,11226.62
03-Oct-18,,,,11076.17
04-Oct-18,,,,10819.08
05-Oct-18,,,,10538.49
08-Oct-18,,,,10549.59
09-Oct-18,,,,10494.87
10-Oct-18,,,,10688.68
11-Oct-18,,,,10459.48
12-Oct-18,,,,10694.42
15-Oct-18,,,,10742.43
16-Oct-18,,,,10832.21
17-Oct-18,,,,10674.77
19-Oct-18,,,,10534.93
22-Oct-18,,,,10481.06
23-Oct-18,,,,10380.87
24-Oct-18,,,,10462.69
25-Oct-18,,,,10353.24
26-Oct-18,,,,10266.12
29-Oct-18,,,,10502.71
30-Oct-18,,,,10474.36
31-Oct-18,,,,10661.72
01-Nov-18,,,,10661.28
02-Nov-18,,,,10825.3
05-Nov-18,,,,10803.49
06-Nov-18,,,,10796.42
07-Nov-18,,,,10873.58
09-Nov-18,,,,10871.29
12-Nov-18,,,,10758.27
13-Nov-18,,,,10852.58
14-Nov-18,,,,10850.69
15-Nov-18,,,,10887.75
16-Nov-18,,,,10946.32
19-Nov-18,,,,11028.85
20-Nov-18,,,,10921.6
21-Nov-18,,,,10883.54
22-Nov-18,,,,10807.19
26-Nov-18,,,,10902.73
27-Nov-18,,,,10947.59
28-Nov-18,,,,10973.1
29-Nov-18,,,,11104.13
30-Nov-18,,,,11119.17
03-Dec-18,,,,11146.2
04-Dec-18,,,,11126.85
05-Dec-18,,,,11023.07
06-Dec-18,,,,10834.65
07-Dec-18,,,,10922.49
10-Dec-18,,,,10715.61
11-Dec-18,,,,10802.04
12-Dec-18,,,,11001.36
13-Dec-18,,,,11061.98
14-Dec-18,,,,11077.83
17-Dec-18,,,,11167.54
18-Dec-18,,,,11191.41
19-Dec-18,,,,11265.96
20-Dec-18,,,,11248.72
21-Dec-18,,,,11047.69
24-Dec-18,,,,10958.98
26-Dec-18,,,,11015.49
27-Dec-18,,,,11059.19
28-Dec-18,,,,11152.4
31-Dec-18,,,,11161.02
01-Jan-19,,,,11200.61
02-Jan-19,,,,11079.01
03-Jan-19,,,,10961.27
04-Jan-19,,,,11015.74
07-Jan-19,,,,11048.4
08-Jan-19,,,,11081.36
09-Jan-19,,,,11128.57
10-Jan-19,,,,11110.03
11-Jan-19,,,,11079.83
14-Jan-19,,,,11027.3
15-Jan-19,,,,11165.97
16-Jan-19,,,,11169.29
17-Jan-19,,,,11180.6
18-Jan-19,,,,11165.66
21-Jan-19,,,,11199.76
22-Jan-19,,,,11174.48
23-Jan-19,,,,11092.12
24-Jan-19,,,,11101.58
25-Jan-19,,,,11020.48
28-Jan-19,,,,10886.11
29-Jan-19,,,,10883.13
30-Jan-19,,,,10876.62
31-Jan-19,,,,11054.82
01-Feb-19,,,,11120.92
04-Feb-19,,,,11121.53
05-Feb-19,,,,11124.91
06-Feb-19,,,,11242.71
07-Feb-19,,,,11271.26
08-Feb-19,,,,11129.97
11-Feb-19,,,,11060.93
12-Feb-19,,,,11001.24
13-Feb-19,,,,10949.74
14-Feb-19,,,,10920.23
15-Feb-19,,,,10870.11
18-Feb-19,,,,10778.22
19-Feb-19,,,,10753.93
20-Feb-19,,,,10884.7
21-Feb-19,,,,10944.01
22-Feb-19,,,,10959.31
25-Feb-19,,,,11052.68
26-Feb-19,,,,11005.08
27-Feb-19,,,,10985.3
28-Feb-19,,,,10988.69
01-Mar-19,,,,11060.21
05-Mar-19,,,,11199.8
06-Mar-19,,,,11263.12
07-Mar-19,,,,11266.05
08-Mar-19,,,,11246.36
11-Mar-19,,,,11397.18
12-Mar-19,,,,11519.58
13-Mar-19,,,,11553.12
14-Mar-19,,,,11551.66
15-Mar-19,,,,11620.08
18-Mar-19,,,,11644.47
19-Mar-19,,,,11717.5
20-Mar-19,,,,11701.22
22-Mar-19,,,,11630.81
25-Mar-19,,,,11529.26
26-Mar-19,,,,11648.42
27-Mar-19,,,,11617.81
28-Mar-19,,,,11743.11
29-Mar-19,,,,11809.19
01-Apr-19,,,,11859.5
02-Apr-19,,,,11886.47
03-Apr-19,,,,11824.26
04-Apr-19,,,,11783.63
05-Apr-19,,,,11845.89
08-Apr-19,,,,11784.18
09-Apr-19,,,,11851.35
10-Apr-19,,,,11764.76
11-Apr-19,,,,11779.51
12-Apr-19,,,,11829.17
15-Apr-19,,,,11873.62
16-Apr-19,,,,11970.11
18-Apr-19,,,,11922.47
22-Apr-19,,,,11758.55
23-Apr-19,,,,11743.77
24-Apr-19,,,,11883.11
25-Apr-19,,,,11802.22
26-Apr-19,,,,11885.52
30-Apr-19,,,,11868.07
02-May-19,,,,11834.39
03-May-19,,,,11820.36
06-May-19,,,,11707.92
07-May-19,,,,11607.69
08-May-19,,,,11468.8
09-May-19,,,,11415.88
10-May-19,,,,11393.32
13-May-19,,,,11254.1
14-May-19,,,,11322.61
15-May-19,,,,11256.5
16-May-19,,,,11348.85
17-May-19,,,,11495.68
20-May-19,,,,11919.13
21-May-19,,,,11797.13
22-May-19,,,,11823.39
23-May-19,,,,11757.91
24-May-19,,,,11957.01
27-May-19,,,,12039.03
28-May-19,,,,12059.42
29-May-19,,,,11979.37
30-May-19,,,,12061.47
31-May-19,,,,12044.07
03-Jun-19,,,,12205.05
04-Jun-19,,,,12144.5
06-Jun-19,,,,11961.66
07-Jun-19,,,,11982.01
10-Jun-19,,,,12030.69
11-Jun-19,,,,12082.88
12-Jun-19,,,,12013.38
13-Jun-19,,,,12015.1
14-Jun-19,,,,11920.88
17-Jun-19,,,,11764.98
18-Jun-19,,,,11788.52
19-Jun-19,,,,11780.27
20-Jun-19,,,,11928.25
21-Jun-19,,,,11828.99
24-Jun-19,,,,11808.16
25-Jun-19,,,,11899.38
26-Jun-19,,,,11956.85
27-Jun-19,,,,11964.07
28-Jun-19,,,,11909.67
01-Jul-19,,,,11985.71
02-Jul-19,,,,12030.31
03-Jul-19,,,,12043.32
04-Jul-19,,,,12066.51
05-Jul-19,,,,11926.02
08-Jul-19,,,,11672.81
09-Jul-19,,,,11674.15
10-Jul-19,,,,11613.82
11-Jul-19,,,,11698.68
12-Jul-19,,,,11678.11
15-Jul-19,,,,11711.81
16-Jul-19,,,,11794.02
17-Jul-19,,,,11814.21
18-Jul-19,,,,11709.14
19-Jul-19,,,,11524.84
22-Jul-19,,,,11452.76
23-Jul-19,,,,11428.85
24-Jul-19,,,,11349.56
25-Jul-19,,,,11343.33
26-Jul-19,,,,11381.6
29-Jul-19,,,,11280.27
30-Jul-19,,,,11164.83
31-Jul-19,,,,11210.78
01-Aug-19,,,,11077.33
02-Aug-19,,,,11095.16
05-Aug-19,,,,10966.43
06-Aug-19,,,,11057.24
07-Aug-19,,,,10964.78
08-Aug-19,,,,11136.1
09-Aug-19,,,,11219.8
13-Aug-19,,,,11018.95
14-Aug-19,,,,11124.48
16-Aug-19,,,,11139.29
19-Aug-19,,,,11146.72
20-Aug-19,,,,11105.84
21-Aug-19,,,,11004.63
22-Aug-19,,,,10828.63
23-Aug-19,,,,10915.46
26-Aug-19,,,,11140.85
27-Aug-19,,,,11202.96
28-Aug-19,,,,11137.85
29-Aug-19,,,,11055.75
30-Aug-19,,,,11139.78
03-Sep-19,,,,10911.18
04-Sep-19,,,,10951.01
05-Sep-19,,,,10960.23
06-Sep-19,,,,11054.09
09-Sep-19,,,,11114.99
11-Sep-19,,,,11157.27
12-Sep-19,,,,11112.78
13-Sep-19,,,,11203.14
16-Sep-19,,,,11135.23
17-Sep-19,,,,10944.63
18-Sep-19,,,,10974.26
19-Sep-19,,,,10834.23
20-Sep-19,,,,11433.03
23-Sep-19,,,,11749.21
24-Sep-19,,,,11732.28
25-Sep-19,,,,11574.79
26-Sep-19,,,,11708.22
27-Sep-19,,,,11643.87
30-Sep-19,,,,11580.94
01-Oct-19,,,,11465.32
03-Oct-19,,,,11418.39
04-Oct-19,,,,11272.27
07-Oct-19,,,,11212
09-Oct-19,,,,11396.81
10-Oct-19,,,,11309.46
11-Oct-19,,,,11376.73
14-Oct-19,,,,11409.15
15-Oct-19,,,,11498.81
16-Oct-19,,,,11539.89
17-Oct-19,,,,11680.09
18-Oct-19,,,,11769.28
22-Oct-19,,,,11704.58
23-Oct-19,,,,11720.75
24-Oct-19,,,,11687.4
25-Oct-19,,,,11681.39
27-Oct-19,,,,11731.96
29-Oct-19,,,,11893.54
30-Oct-19,,,,11955.95
31-Oct-19,,,,11999.14
01-Nov-19,,,,12012.72
04-Nov-19,,,,12051.55
05-Nov-19,,,,12020.93
06-Nov-19,,,,12067.21
07-Nov-19,,,,12116.79
08-Nov-19,,,,12003.44
11-Nov-19,,,,12015.36
13-Nov-19,,,,11932.61
14-Nov-19,,,,11956.47
15-Nov-19,,,,11974.71
18-Nov-19,,,,11971.84
19-Nov-19,,,,12020.43
20-Nov-19,,,,12081.51
21-Nov-19,,,,12043.66
22-Nov-19,,,,11995.07
25-Nov-19,,,,12158.28
26-Nov-19,,,,12113.56
27-Nov-19,,,,12183.46
28-Nov-19,,,,12242.58
29-Nov-19,,,,12142.8
02-Dec-19,,,,12133.19
03-Dec-19,,,,12063.71
04-Dec-19,,,,12115.49
05-Dec-19,,,,12082.68
06-Dec-19,,,,11973.64
09-Dec-19,,,,11989.12
10-Dec-19,,,,11898.27
11-Dec-19,,,,11950.77
12-Dec-19,,,,12019.91
13-Dec-19,,,,12141.86
16-Dec-19,,,,12105.72
17-Dec-19,,,,12216.83
18-Dec-19,,,,12268.64
19-Dec-19,,,,12298.65
20-Dec-19,,,,12319.53
23-Dec-19,,,,12311.08
24-Dec-19,,,,12266.67
26-Dec-19,,,,12190.4
27-Dec-19,,,,12310
30-Dec-19,,,,12318.93
31-Dec-19,,,,12236.19
01-Jan-20,,,,12251.58
02-Jan-20,,,,12357.77
03-Jan-20,,,,12302.38
06-Jan-20,,,,12061.12
07-Jan-20,,,,12121.53
08-Jan-20,,,,12101.3
09-Jan-20,,,,12294.53
10-Jan-20,,,,12335.44
13-Jan-20,,,,12412.2
14-Jan-20,,,,12448.12
15-Jan-20,,,,12439.33
16-Jan-20,,,,12453.44
17-Jan-20,,,,12455.78
20-Jan-20,,,,12333.88
21-Jan-20,,,,12281.79
22-Jan-20,,,,12224.61
23-Jan-20,,,,12310.9
24-Jan-20,,,,12382.17
27-Jan-20,,,,12258.35
28-Jan-20,,,,12198.27
29-Jan-20,,,,12278.24
30-Jan-20,,,,12167.07
31-Jan-20,,,,12082.99
01-Feb-20,,,,11767.64
03-Feb-20,,,,11823.94
04-Feb-20,,,,12086.08
05-Feb-20,,,,12208.89
06-Feb-20,,,,12271.4
07-Feb-20,,,,12245.44
10-Feb-20,,,,12176.27
11-Feb-20,,,,12236.18
12-Feb-20,,,,12313.98
13-Feb-20,,,,12286.92
14-Feb-20,,,,12215.13
17-Feb-20,,,,12134
18-Feb-20,,,,12081.93
19-Feb-20,,,,12226.79
20-Feb-20,,,,12194.91
24-Feb-20,,,,11941.07
25-Feb-20,,,,11903.01
26-Feb-20,,,,11777.28
27-Feb-20,,,,11729.59
28-Feb-20,,,,11292.68
02-Mar-20,,,,11238.01
03-Mar-20,,,,11421.33
04-Mar-20,,,,11358.32
05-Mar-20,,,,11379.84
06-Mar-20,,,,11098.96
09-Mar-20,,,,10550.18
11-Mar-20,,,,10549.73
12-Mar-20,,,,9677.35
13-Mar-20,,,,10039.47
16-Mar-20,,,,9298.47
17-Mar-20,,,,9089.4
18-Mar-20,,,,8595.44
19-Mar-20,,,,8363.61
20-Mar-20,,,,8827.11
23-Mar-20,,,,7683.09
24-Mar-20,,,,7866.16
25-Mar-20,,,,8343.22
26-Mar-20,,,,8730.92
27-Mar-20,,,,8692.8
30-Mar-20,,,,8355.56
31-Mar-20,,,,8668.98
01-Apr-20,,,,8347.45
03-Apr-20,,,,8179.94
07-Apr-20,,,,8873.88
08-Apr-20,,,,8857.67
09-Apr-20,,,,9221.36
13-Apr-20,,,,9107.74
15-Apr-20,,,,9066.57
16-Apr-20,,,,9146.57
17-Apr-20,,,,9403.81
20-Apr-20,,,,9395.55
21-Apr-20,,,,9117.63
22-Apr-20,,,,9318.17
23-Apr-20,,,,9430.67
24-Apr-20,,,,9267.78
27-Apr-20,,,,9403.74
28-Apr-20,,,,9490.49
29-Apr-20,,,,9652.77
30-Apr-20,,,,9951.25
04-May-20,,,,9392.99
05-May-20,,,,9305.34
06-May-20,,,,9375.23
07-May-20,,,,9298.51
08-May-20,,,,9356.93
11-May-20,,,,9360.25
12-May-20,,,,9315.32
13-May-20,,,,9495.33
14-May-20,,,,9280.23
15-May-20,,,,9263.88
18-May-20,,,,8943.57
19-May-20,,,,8996.56
20-May-20,,,,9185.18
21-May-20,,,,9227.95
22-May-20,,,,9159.29
26-May-20,,,,9158.69
27-May-20,,,,9410.8
28-May-20,,,,9587.64
29-May-20,,,,9697.9
01-Jun-20,,,,9936.37
02-Jun-20,,,,10076.3
03-Jun-20,,,,10154.33
04-Jun-20,,,,10136.37
05-Jun-20,,,,10251.64
08-Jun-20,,,,10273.12
09-Jun-20,,,,10162.7
10-Jun-20,,,,10226.23
11-Jun-20,,,,10018.44
12-Jun-20,,,,10095.64
15-Jun-20,,,,9941.34
16-Jun-20,,,,10028.55
17-Jun-20,,,,10009.08
18-Jun-20,,,,10190.58
19-Jun-20,,,,10341.91
22-Jun-20,,,,10424.44
23-Jun-20,,,,10585.58
24-Jun-20,,,,10423.5
25-Jun-20,,,,10415.93
26-Jun-20,,,,10502.48
29-Jun-20,,,,10425
30-Jun-20,,,,10410.76
01-Jul-20,,,,10527.66
02-Jul-20,,,,10648.43
03-Jul-20,,,,10707.56
06-Jul-20,,,,10836.82
07-Jul-20,,,,10878.57
08-Jul-20,,,,10788.89
09-Jul-20,,,,10887.97
10-Jul-20,,,,10843.66
13-Jul-20,,,,10878.29
14-Jul-20,,,,10693.12
15-Jul-20,,,,10697.23
16-Jul-20,,,,10808.12
17-Jul-20,,,,10978.62
20-Jul-20,,,,11090.72
21-Jul-20,,,,11216.45
22-Jul-20,,,,11185.72
23-Jul-20,,,,11267.7
24-Jul-20,,,,11232.51
27-Jul-20,,,,11163.28
28-Jul-20,,,,11323.78
29-Jul-20,,,,11249.5
30-Jul-20,,,,11168.32
31-Jul-20,,,,11158.96
03-Aug-20,,,,10991.48
04-Aug-20,,,,11182.96
05-Aug-20,,,,11190.95
06-Aug-20,,,,11296.44
07-Aug-20,,,,11317.51
10-Aug-20,,,,11387.93
11-Aug-20,,,,11433.17
12-Aug-20,,,,11424
13-Aug-20,,,,11437.52
14-Aug-20,,,,11314.16
17-Aug-20,,,,11381.94
18-Aug-20,,,,11516.18
19-Aug-20,,,,11542.72
20-Aug-20,,,,11457.56
21-Aug-20,,,,11511.48
24-Aug-20,,,,11589.5
25-Aug-20,,,,11601.09
26-Aug-20,,,,11671.26
27-Aug-20,,,,11690.14
28-Aug-20,,,,11772.45
31-Aug-20,,,,11480.92
01-Sep-20,,,,11576.19
02-Sep-20,,,,11645.34
03-Sep-20,,,,11646.65
04-Sep-20,,,,11446.31
07-Sep-20,,,,11458.4
08-Sep-20,,,,11414.54
09-Sep-20,,,,11380.54
10-Sep-20,,,,11547.24
11-Sep-20,,,,11569.34
14-Sep-20,,,,11558.18
15-Sep-20,,,,11648.51
16-Sep-20,,,,11732.07
17-Sep-20,,,,11650.48
18-Sep-20,,,,11647.17
21-Sep-20,,,,11367.76
22-Sep-20,,,,11266.68
23-Sep-20,,,,11241.97
24-Sep-20,,,,10922.35
25-Sep-20,,,,11183.76
28-Sep-20,,,,11379.06
29-Sep-20,,,,11366.73
30-Sep-20,,,,11391.75
01-Oct-20,,,,11554.38
05-Oct-20,,,,11629.13
06-Oct-20,,,,11775.47
07-Oct-20,,,,11832.79
08-Oct-20,,,,11920.36
09-Oct-20,,,,11985.51
12-Oct-20,,,,11977.24
13-Oct-20,,,,11969.49
14-Oct-20,,,,12006.9
15-Oct-20,,,,11724.14
16-Oct-20,,,,11814.59
19-Oct-20,,,,11926.75
20-Oct-20,,,,11955.87
21-Oct-20,,,,11984.08
22-Oct-20,,,,11954.61
23-Oct-20,,,,11993.48
26-Oct-20,,,,11827.38
27-Oct-20,,,,11955.02
28-Oct-20,,,,11791.12
29-Oct-20,,,,11746.26
30-Oct-20,,,,11720.76
02-Nov-20,,,,11749.97
03-Nov-20,,,,11888.13
04-Nov-20,,,,11986.28
05-Nov-20,,,,12196.06
06-Nov-20,,,,12323.17
09-Nov-20,,,,12515.79
10-Nov-20,,,,12665.01
11-Nov-20,,,,12789.09
12-Nov-20,,,,12745.1
13-Nov-20,,,,12784.27
14-Nov-20,,,,12842.44
17-Nov-20,,,,12932.7
18-Nov-20,,,,13001.34
19-Nov-20,,,,12839.33
20-Nov-20,,,,12928.27
23-Nov-20,,,,13003.39
24-Nov-20,,,,13125.27
25-Nov-20,,,,12929.68
26-Nov-20,,,,13065.99
27-Nov-20,,,,13050.61
01-Dec-20,,,,13205.51
02-Dec-20,,,,13225.93
03-Dec-20,,,,13267.86
04-Dec-20,,,,13386.97
07-Dec-20,,,,13495.98
08-Dec-20,,,,13526.34
09-Dec-20,,,,13650.01
10-Dec-20,,,,13611.82
11-Dec-20,,,,13643.32
14-Dec-20,,,,13691.91
15-Dec-20,,,,13705.6
16-Dec-20,,,,13825.34
17-Dec-20,,,,13862.47
18-Dec-20,,,,13888.05
21-Dec-20,,,,13428.5
22-Dec-20,,,,13580.77
23-Dec-20,,,,13732.48
24-Dec-20,,,,13870.75
28-Dec-20,,,,13993.71
29-Dec-20,,,,14046.41
30-Dec-20,,,,14091.87
31-Dec-20,,,,14100.47
01-Jan-21,,,,14149.78
04-Jan-21,,,,14282.52
05-Jan-21,,,,14370.24
06-Jan-21,,,,14326.63
07-Jan-21,,,,14342.12
08-Jan-21,,,,14553.65
11-Jan-21,,,,14677.39
12-Jan-21,,,,14746.39
13-Jan-21,,,,14729.25
14-Jan-21,,,,14760.7
15-Jan-21,,,,14593.13
18-Jan-21,,,,14417.1
19-Jan-21,,,,14671.2
20-Jan-21,,,,14792.51
21-Jan-21,,,,14730.22
22-Jan-21,,,,14524.2
25-Jan-21,,,,14392.02
27-Jan-21,,,,14126.45
28-Jan-21,,,,13998.92
29-Jan-21,,,,13797.78
01-Feb-21,,,,14425.29
02-Feb-21,,,,14793.38
03-Feb-21,,,,14930.31
04-Feb-21,,,,15049.54
05-Feb-21,,,,15045.3
08-Feb-21,,,,15242.13
09-Feb-21,,,,15235.39
10-Feb-21,,,,15250.81
11-Feb-21,,,,15312.27
12-Feb-21,,,,15301.47
15-Feb-21,,,,15461.07
16-Feb-21,,,,15462.27
17-Feb-21,,,,15379.69
18-Feb-21,,,,15304.71
19-Feb-21,,,,15143.81
22-Feb-21,,,,14844.32
23-Feb-21,,,,14903.09
24-Feb-21,,,,15153.52
25-Feb-21,,,,15269.66
26-Feb-21,,,,14723.98
01-Mar-21,,,,14954.22
02-Mar-21,,,,15127.04
03-Mar-21,,,,15438.34
04-Mar-21,,,,15301.23
05-Mar-21,,,,15142.05
08-Mar-21,,,,15157.2
09-Mar-21,,,,15263.59
10-Mar-21,,,,15350.06
12-Mar-21,,,,15207.8
15-Mar-21,,,,15104.65
16-Mar-21,,,,15100.58
17-Mar-21,,,,14891.18
18-Mar-21,,,,14716.71
19-Mar-21,,,,14912.87
22-Mar-21,,,,14919.25
23-Mar-21,,,,15008.2
24-Mar-21,,,,14743.58
25-Mar-21,,,,14505.95
26-Mar-21,,,,14688.57
30-Mar-21,,,,14988.52
31-Mar-21,,,,14863.54
01-Apr-21,,,,15044.5
05-Apr-21,,,,14811.37
06-Apr-21,,,,14869.66
07-Apr-21,,,,15018.66
08-Apr-21,,,,15087.93
09-Apr-21,,,,15051.16
12-Apr-21,,,,14482.35
13-Apr-21,,,,14686.22
15-Apr-21,,,,14756.53
16-Apr-21,,,,14808.45
19-Apr-21,,,,14541.92
20-Apr-21,,,,14495.1
22-Apr-21,,,,14589.25
23-Apr-21,,,,14533.08
26-Apr-21,,,,14672.24
27-Apr-21,,,,14839.96
28-Apr-21,,,,15039.11
29-Apr-21,,,,15064.61
30-Apr-21,,,,14833.77
03-May-21,,,,14840.38
04-May-21,,,,14713.37
05-May-21,,,,14851.05
06-May-21,,,,14956.58
07-May-21,,,,15038.96
10-May-21,,,,15170.68
11-May-21,,,,15104.97
12-May-21,,,,14966.84
14-May-21,,,,14926.61
17-May-21,,,,15162.61
18-May-21,,,,15358.8
19-May-21,,,,15300.75
20-May-21,,,,15188.31
21-May-21,,,,15425.63
24-May-21,,,,15463.23
25-May-21,,,,15476.21
26-May-21,,,,15555.19
27-May-21,,,,15596.86
28-May-21,,,,15677.05
31-May-21,,,,15822.33
01-Jun-21,,,,15807.7
02-Jun-21,,,,15843.01
03-Jun-21,,,,15962.62
04-Jun-21,,,,15952.56
07-Jun-21,,,,16036.39
08-Jun-21,,,,16038.11
09-Jun-21,,,,15928.35
10-Jun-21,,,,16046.12
11-Jun-21,,,,16100.4
14-Jun-21,,,,16104.91
15-Jun-21,,,,16169.14
16-Jun-21,,,,16063.33
17-Jun-21,,,,15977.89
18-Jun-21,,,,15951.82
21-Jun-21,,,,16020.16
22-Jun-21,,,,16049.49
23-Jun-21,,,,15961.3
24-Jun-21,,,,16038.06
25-Jun-21,,,,16120.78
28-Jun-21,,,,16097.09
29-Jun-21,,,,16033.41
30-Jun-21,,,,16009.72
01-Jul-21,,,,15977.59
02-Jul-21,,,,16015.1
05-Jul-21,,,,16131.1
06-Jul-21,,,,16114.01
07-Jul-21,,,,16178.85
08-Jul-21,,,,16035.77
09-Jul-21,,,,16015.65
12-Jul-21,,,,16026.44
13-Jul-21,,,,16125.31
14-Jul-21,,,,16159.16
15-Jul-21,,,,16225.84
16-Jul-21,,,,16231.16
19-Jul-21,,,,16073.58
20-Jul-21,,,,15952.39
22-Jul-21,,,,16154.77
23-Jul-21,,,,16180.24
26-Jul-21,,,,16154.93
27-Jul-21,,,,16070.37
28-Jul-21,,,,16040.87
29-Jul-21,,,,16105.99
30-Jul-21,,,,16108.48
02-Aug-21,,,,16246.7
03-Aug-21,,,,16476.95
04-Aug-21,,,,16565.62
05-Aug-21,,,,16597.54
06-Aug-21,,,,16551.04
09-Aug-21,,,,16546.16
10-Aug-21,,,,16546.58
11-Aug-21,,,,16549.51
12-Aug-21,,,,16636.11
13-Aug-21,,,,16769.5
16-Aug-21,,,,16803.52
17-Aug-21,,,,16856.34
18-Aug-21,,,,16820.74
20-Aug-21,,,,16669.13
23-Aug-21,,,,16691.77
24-Aug-21,,,,16837.27
25-Aug-21,,,,16850.59
26-Aug-21,,,,16853.24
27-Aug-21,,,,16934.9
30-Aug-21,,,,17178.24
31-Aug-21,,,,17375.21
01-Sep-21,,,,17347.53
02-Sep-21,,,,17508.78
03-Sep-21,,,,17595.27
06-Sep-21,,,,17644.29
07-Sep-21,,,,17623.32
08-Sep-21,,,,17626.63
09-Sep-21,,,,17650.27
13-Sep-21,,,,17640.13
14-Sep-21,,,,17685.78
15-Sep-21,,,,17822.83
16-Sep-21,,,,17925.37
17-Sep-21,,,,17870.68
20-Sep-21,,,,17657.73
21-Sep-21,,,,17817.11
22-Sep-21,,,,17838.39
23-Sep-21,,,,18107.99
24-Sep-21,,,,18103.33
27-Sep-21,,,,18107.41
28-Sep-21,,,,17998.66
29-Sep-21,,,,17963.09
30-Sep-21,,,,17880.57
01-Oct-21,,,,17805.09
04-Oct-21,,,,17982.1
05-Oct-21,,,,18109.52
06-Oct-21,,,,17926.09
07-Oct-21,,,,18088.79
08-Oct-21,,,,18170.09
11-Oct-21,,,,18242.8
12-Oct-21,,,,18307.85
13-Oct-21,,,,18499.75
14-Oct-21,,,,18667.9
18-Oct-21,,,,18799.75
19-Oct-21,,,,18691.77
20-Oct-21,,,,18512.62
21-Oct-21,,,,18420.56
22-Oct-21,,,,18331.72
25-Oct-21,,,,18306.66
26-Oct-21,,,,18471.55
27-Oct-21,,,,18432.63
28-Oct-21,,,,18071.53
29-Oct-21,,,,17921.27
01-Nov-21,,,,18178.55
02-Nov-21,,,,18155.55
03-Nov-21,,,,18112.54
04-Nov-21,,,,18208.9
08-Nov-21,,,,18371.26
09-Nov-21,,,,18365.6
10-Nov-21,,,,18350.79
11-Nov-21,,,,18214.29
12-Nov-21,,,,18438.05
15-Nov-21,,,,18454.31
16-Nov-21,,,,18360.74
17-Nov-21,,,,18276.43
18-Nov-21,,,,18117.26
22-Nov-21,,,,17755.97
23-Nov-21,,,,17869.96
24-Nov-21,,,,17786.2
25-Nov-21,,,,17909.13
26-Nov-21,,,,17373.88
29-Nov-21,,,,17372.32
30-Nov-21,,,,17319.15
01-Dec-21,,,,17494.04
02-Dec-21,,,,17715.94
03-Dec-21,,,,17535.24
06-Dec-21,,,,17240.51
07-Dec-21,,,,17507.66
08-Dec-21,,,,17796.52
09-Dec-21,,,,17843.97
10-Dec-21,,,,17851.03
13-Dec-21,,,,17716.31
14-Dec-21,,,,17680.78
15-Dec-21,,,,17570.17
16-Dec-21,,,,17581.8
17-Dec-21,,,,17277.57
20-Dec-21,,,,16874.25
21-Dec-21,,,,17048.86
22-Dec-21,,,,17246.33
23-Dec-21,,,,17371.47
24-Dec-21,,,,17284.37
27-Dec-21,,,,17360.29
28-Dec-21,,,,17512.27
29-Dec-21,,,,17485.1
30-Dec-21,,,,17452.26
31-Dec-21,,,,17625.51
03-Jan-22,,,,17883.66
04-Jan-22,,,,18037.68
05-Jan-22,,,,18156.12
06-Jan-22,,,,18013.5
07-Jan-22,,,,18092.28
10-Jan-22,,,,18270.1
11-Jan-22,,,,18331.54
12-Jan-22,,,,18486.84
13-Jan-22,,,,18539.43
14-Jan-22,,,,18541.16
17-Jan-22,,,,18595.87
18-Jan-22,,,,18389.8
19-Jan-22,,,,18235.26
20-Jan-22,,,,18079.68
21-Jan-22,,,,17902.55
24-Jan-22,,,,17396.16
25-Jan-22,,,,17542.68
27-Jan-22,,,,17370.09
28-Jan-22,,,,17382.69
31-Jan-22,,,,17618.04
01-Feb-22,,,,17861.7
02-Feb-22,,,,18053.67
03-Feb-22,,,,17849.52
04-Feb-22,,,,17806.24
07-Feb-22,,,,17531.41
08-Feb-22,,,,17549.73
09-Feb-22,,,,17754.68
10-Feb-22,,,,17880.5
11-Feb-22,,,,17637.7
14-Feb-22,,,,17085.96
15-Feb-22,,,,17596.69
16-Feb-22,,,,17570.01
17-Feb-22,,,,17564.66
18-Feb-22,,,,17513.07
21-Feb-22,,,,17410.87
22-Feb-22,,,,17302.74
23-Feb-22,,,,17300.94
24-Feb-22,,,,16449.78
25-Feb-22,,,,16897.98
28-Feb-22,,,,17043.27
02-Mar-22,,,,16883
03-Mar-22,,,,16787.72
04-Mar-22,,,,16513.75
07-Mar-22,,,,16105.11
08-Mar-22,,,,16262.84
09-Mar-22,,,,16586.33
10-Mar-22,,,,16849.71
11-Mar-22,,,,16892.37
14-Mar-22,,,,17089.18
15-Mar-22,,,,16893.23
16-Mar-22,,,,17222.03
17-Mar-22,,,,17531.68
21-Mar-22,,,,17351.23
22-Mar-22,,,,17532.36
23-Mar-22,,,,17472.57
24-Mar-22,,,,17474.88
25-Mar-22,,,,17423.18
28-Mar-22,,,,17474.36
29-Mar-22,,,,17578.86
30-Mar-22,,,,17746.83
31-Mar-22,,,,17723.94
01-Apr-22,,,,17950.06
04-Apr-22,,,,18327.05
05-Apr-22,,,,18288.83
06-Apr-22,,,,18178.2
07-Apr-22,,,,18015.69
08-Apr-22,,,,18195.18
11-Apr-22,,,,18158.06
12-Apr-22,,,,17989.53
13-Apr-22,,,,17951.3
18-Apr-22,,,,17681.47
19-Apr-22,,,,17442.95
20-Apr-22,,,,17614.82
21-Apr-22,,,,17864.45
22-Apr-22,,,,17652.38
25-Apr-22,,,,17414.89
26-Apr-22,,,,17703.61
27-Apr-22,,,,17521.05
28-Apr-22,,,,17740.84
29-Apr-22,,,,17574.51
02-May-22,,,,17537.73
04-May-22,,,,17120.28
05-May-22,,,,17143.05
06-May-22,,,,16852.36
09-May-22,,,,16693.19
10-May-22,,,,16570.67
11-May-22,,,,16512.83
12-May-22,,,,16134.11
13-May-22,,,,16103.87
16-May-22,,,,16198.64
17-May-22,,,,16622.35
18-May-22,,,,16605.31
19-May-22,,,,16161.58
20-May-22,,,,16588.32
23-May-22,,,,16527.99
24-May-22,,,,16434.12
25-May-22,,,,16302.2
26-May-22,,,,16466.8
27-May-22,,,,16638.32
30-May-22,,,,16964.94
31-May-22,,,,16887.92
01-Jun-22,,,,16810.26
02-Jun-22,,,,16920.5
03-Jun-22,,,,16835.73
06-Jun-22,,,,16819.88
07-Jun-22,,,,16676.27
08-Jun-22,,,,16611.74
09-Jun-22,,,,16735.73
10-Jun-22,,,,16470.88
13-Jun-22,,,,16051.03
14-Jun-22,,,,16014.37
15-Jun-22,,,,15993.38
16-Jun-22,,,,15662.05
17-Jun-22,,,,15562.65
20-Jun-22,,,,15567.53
21-Jun-22,,,,15897.82
22-Jun-22,,,,15658.68
23-Jun-22,,,,15810.86
24-Jun-22,,,,15963.31
27-Jun-22,,,,16092.24
28-Jun-22,,,,16123.11
29-Jun-22,,,,16053.39
30-Jun-22,,,,16014.13
01-Jul-22,,,,16014.96
04-Jul-22,,,,16114.4
05-Jul-22,,,,16096.46
06-Jul-22,,,,16302.5
07-Jul-22,,,,16448.37
08-Jul-22,,,,16530.58
11-Jul-22,,,,16546.17
12-Jul-22,,,,16400.73
13-Jul-22,,,,16328.97
14-Jul-22,,,,16305.97
15-Jul-22,,,,16421.18
18-Jul-22,,,,16653.33
19-Jul-22,,,,16718.36
20-Jul-22,,,,16877.09
21-Jul-22,,,,16999.86
22-Jul-22,,,,17089.1
25-Jul-22,,,,17010.77
26-Jul-22,,,,16845.96
27-Jul-22,,,,17013.03
28-Jul-22,,,,17290.88
29-Jul-22,,,,17530.28
01-Aug-22,,,,17721.46
02-Aug-22,,,,17717.62
03-Aug-22,,,,17744.57
04-Aug-22,,,,17754.71
05-Aug-22,,,,17775.34
08-Aug-22,,,,17897.17
10-Aug-22,,,,17898.99
11-Aug-22,,,,18027.45
12-Aug-22,,,,18077.71
16-Aug-22,,,,18226.71
17-Aug-22,,,,18358.86
18-Aug-22,,,,18381.48
19-Aug-22,,,,18176.47
22-Aug-22,,,,17886.76
23-Aug-22,,,,17985.08
24-Aug-22,,,,18020.37
25-Aug-22,,,,17947.73
26-Aug-22,,,,17994.66
29-Aug-22,,,,17768.04
30-Aug-22,,,,18222.39
01-Sep-22,,,,18038.91
02-Sep-22,,,,18029.82
05-Sep-22,,,,18136.96
06-Sep-22,,,,18152.18
07-Sep-22,,,,18133.45
08-Sep-22,,,,18290.24
09-Sep-22,,,,18317.75
12-Sep-22,,,,18438.06
13-Sep-22,,,,18567.78
14-Sep-22,,,,18520.65
15-Sep-22,,,,18429.23
16-Sep-22,,,,18046.97
19-Sep-22,,,,18130.13
20-Sep-22,,,,18330.77
21-Sep-22,,,,18210.87
22-Sep-22,,,,18148.58
23-Sep-22,,,,17827.88
26-Sep-22,,,,17478.29
27-Sep-22,,,,17477.72
28-Sep-22,,,,17337.41
29-Sep-22,,,,17303.76
30-Sep-22,,,,17574.98
03-Oct-22,,,,17339.96
04-Oct-22,,,,17739.08
06-Oct-22,,,,17809.95
07-Oct-22,,,,17789.34
10-Oct-22,,,,17703.54
11-Oct-22,,,,17430.96
12-Oct-22,,,,17573.5
13-Oct-22,,,,17457.51
14-Oct-22,,,,17601.7
17-Oct-22,,,,17722.93
18-Oct-22,,,,17901.52
19-Oct-22,,,,17925.49
20-Oct-22,,,,17983.77
21-Oct-22,,,,17969.62
24-Oct-22,,,,18112.23
25-Oct-22,,,,18049.71
27-Oct-22,,,,18151.16
28-Oct-22,,,,18179.61
31-Oct-22,,,,18405.94
01-Nov-22,,,,18553.5
02-Nov-22,,,,18491.03
03-Nov-22,,,,18471.99
04-Nov-22,,,,18527.35
07-Nov-22,,,,18611.28
09-Nov-22,,,,18562.46
10-Nov-22,,,,18419.65
11-Nov-22,,,,18720.26
14-Nov-22,,,,18711.17
15-Nov-22,,,,18769.58
16-Nov-22,,,,18746.63
17-Nov-22,,,,18671.21
18-Nov-22,,,,18620.91
21-Nov-22,,,,18478.46
22-Nov-22,,,,18567.16
23-Nov-22,,,,18594.14
24-Nov-22,,,,18797.34
25-Nov-22,,,,18820.85
28-Nov-22,,,,18876.86
29-Nov-22,,,,18925.6
30-Nov-22,,,,19081.7
01-Dec-22,,,,19137.18
02-Dec-22,,,,19042.62
05-Dec-22,,,,19045.17
06-Dec-22,,,,18990.73
07-Dec-22,,,,18924.46
08-Dec-22,,,,18973.6
09-Dec-22,,,,18860.9
12-Dec-22,,,,18861.16
13-Dec-22,,,,18953.87
14-Dec-22,,,,19013.72
15-Dec-22,,,,18775.74
16-Dec-22,,,,18612.56
19-Dec-22,,,,18769.64
20-Dec-22,,,,18730.2
21-Dec-22,,,,18526.57
22-Dec-22,,,,18439.26
23-Dec-22,,,,18076.84
26-Dec-22,,,,18316.83
27-Dec-22,,,,18448.49
28-Dec-22,,,,18443.33
29-Dec-22,,,,18495.35
30-Dec-22,,,,18425.17
02-Jan-23,,,,18513.84
03-Jan-23,,,,18554.58
04-Jan-23,,,,18352.74
05-Jan-23,,,,18316.06
06-Jan-23,,,,18182.48
09-Jan-23,,,,18408.36
10-Jan-23,,,,18235.18
11-Jan-23,,,,18215.39
12-Jan-23,,,,18183.93
13-Jan-23,,,,18274.09
16-Jan-23,,,,18209.24
17-Jan-23,,,,18345.11
18-Jan-23,,,,18449.47
19-Jan-23,,,,18392.75
20-Jan-23,,,,18303.82
23-Jan-23,,,,18394.37
24-Jan-23,,,,18387.69
25-Jan-23,,,,18148.16
27-Jan-23,,,,17852.25
30-Jan-23,,,,17888.98
31-Jan-23,,,,17935.75
01-Feb-23,,,,17861.68
02-Feb-23,,,,17863.07
03-Feb-23,,,,18074.47
06-Feb-23,,,,18012.2
07-Feb-23,,,,17968.24
08-Feb-23,,,,18117.65
09-Feb-23,,,,18133.11
10-Feb-23,,,,18105.4
13-Feb-23,,,,17996.67
14-Feb-23,,,,18132.93
15-Feb-23,,,,18222.33
16-Feb-23,,,,18262.33
17-Feb-23,,,,18165.54
20-Feb-23,,,,18072.73
21-Feb-23,,,,18054.48
22-Feb-23,,,,17780.92
23-Feb-23,,,,17739.48
24-Feb-23,,,,17694.83
27-Feb-23,,,,17609.37
28-Feb-23,,,,17538.2
01-Mar-23,,,,17693.17
02-Mar-23,,,,17578.61
03-Mar-23,,,,17835.71
06-Mar-23,,,,17955.2
08-Mar-23,,,,17999.94
09-Mar-23,,,,17840.07
10-Mar-23,,,,17671.09
13-Mar-23,,,,17407.81
14-Mar-23,,,,17299.83
15-Mar-23,,,,17227.13
16-Mar-23,,,,17265.19
17-Mar-23,,,,17372.15
20-Mar-23,,,,17253.88
21-Mar-23,,,,17369.69
22-Mar-23,,,,17420.23
23-Mar-23,,,,17340.34
24-Mar-23,,,,17202.93
27-Mar-23,,,,17224.45
28-Mar-23,,,,17179.54
29-Mar-23,,,,17320.33
31-Mar-23,,,,17601.67
03-Apr-23,,,,17644.91
05-Apr-23,,,,17790.42
06-Apr-23,,,,17830.83
10-Apr-23,,,,17857.56
11-Apr-23,,,,17949.44
12-Apr-23,,,,18040.53
13-Apr-23,,,,18058.72
17-Apr-23,,,,17959.86
18-Apr-23,,,,17938.15
19-Apr-23,,,,17881.39
20-Apr-23,,,,17895.7
21-Apr-23,,,,17888.27
24-Apr-23,,,,18003.35
25-Apr-23,,,,18027.45
26-Apr-23,,,,18074.63
27-Apr-23,,,,18173.71
28-Apr-23,,,,18324.96
02-May-23,,,,18421.17
03-May-23,,,,18376.25
04-May-23,,,,18531.94
05-May-23,,,,18359.89
08-May-23,,,,18564.84
09-May-23,,,,18570.35
10-May-23,,,,18627.84
11-May-23,,,,18629.37
12-May-23,,,,18639.39
15-May-23,,,,18724.5
16-May-23,,,,18634.93
17-May-23,,,,18530.7
18-May-23,,,,18457.99
19-May-23,,,,18529.68
22-May-23,,,,18644.47
23-May-23,,,,18681.93
24-May-23,,,,18629.47
25-May-23,,,,18678.24
26-May-23,,,,18862.8
29-May-23,,,,18969.03
30-May-23,,,,18987.95
31-May-23,,,,18909.41
01-Jun-23,,,,18875.3
02-Jun-23,,,,18922.63
05-Jun-23,,,,18979.37
06-Jun-23,,,,18994.15
07-Jun-23,,,,19125.98
08-Jun-23,,,,19028.16
09-Jun-23,,,,18955.62
12-Jun-23,,,,19003.61
13-Jun-23,,,,19137.48
14-Jun-23,,,,19177.33
15-Jun-23,,,,19120.36
16-Jun-23,,,,19268.8
19-Jun-23,,,,19199.07
20-Jun-23,,,,19252.76
21-Jun-23,,,,19300.67
22-Jun-23,,,,19187.38
23-Jun-23,,,,19056.89
26-Jun-23,,,,19099.37
27-Jun-23,,,,19221.8
28-Jun-23,,,,19371.41
30-Jun-23,,,,19571.34
03-Jul-23,,,,19694.02
04-Jul-23,,,,19743.99
05-Jul-23,,,,19773.17
06-Jul-23,,,,19879.41
07-Jul-23,,,,19714.58
10-Jul-23,,,,19718.21
11-Jul-23,,,,19810.21
12-Jul-23,,,,19772.19
13-Jul-23,,,,19785.76
14-Jul-23,,,,19941.55
17-Jul-23,,,,20070.22
18-Jul-23,,,,20090.17
19-Jul-23,,,,20173.69
20-Jul-23,,,,20291.36
21-Jul-23,,,,20074.78
24-Jul-23,,,,20008.75
25-Jul-23,,,,20025.8
26-Jul-23,,,,20120.26
27-Jul-23,,,,20033.16
28-Jul-23,,,,20044.67
31-Jul-23,,,,20150.32
01-Aug-23,,,,20125.66
02-Aug-23,,,,19916.72
03-Aug-23,,,,19786.21
04-Aug-23,,,,19931.64
07-Aug-23,,,,19931.64
08-Aug-23,,,,19977.21
09-Aug-23,,,,20037.73
10-Aug-23,,,,19958.03
11-Aug-23,,,,19841.91
14-Aug-23,,,,19825.93
16-Aug-23,,,,19855.01
17-Aug-23,,,,19768.47
18-Aug-23,,,,19707
21-Aug-23,,,,19809.77
22-Aug-23,,,,19845.44
23-Aug-23,,,,19897.38
24-Aug-23,,,,19857.84
25-Aug-23,,,,19729.15
28-Aug-23,,,,19773
29-Aug-23,,,,19828.5
30-Aug-23,,,,19852.82
31-Aug-23,,,,19764.93
01-Sep-23,,,,19935.52
04-Sep-23,,,,20024.1
05-Sep-23,,,,20086.39
06-Sep-23,,,,20125.92
07-Sep-23,,,,20245.63
08-Sep-23,,,,20355.28
11-Sep-23,,,,20538.21
12-Sep-23,,,,20460.15
13-Sep-23,,,,20525.36
14-Sep-23,,,,20576
15-Sep-23,,,,20666.08
18-Sep-23,,,,20602.42
20-Sep-23,,,,20381.05
21-Sep-23,,,,20220.49
22-Sep-23,,,,20147.33
25-Sep-23,,,,20159.24
26-Sep-23,,,,20152.34
27-Sep-23,,,,20202.27
28-Sep-23,,,,19992.4
29-Sep-23,,,,20123.3
03-Oct-23,,,,20037.75
04-Oct-23,,,,19923.6
05-Oct-23,,,,20025.85
06-Oct-23,,,,20133.74
09-Oct-23,,,,19971.66
10-Oct-23,,,,20162.56
11-Oct-23,,,,20281.94
12-Oct-23,,,,20278.75
13-Oct-23,,,,20244.58
16-Oct-23,,,,20223.93
17-Oct-23,,,,20304
18-Oct-23,,,,20153.87
19-Oct-23,,,,20102.95
20-Oct-23,,,,20006.36
23-Oct-23,,,,19716.98
25-Oct-23,,,,19562.43
26-Oct-23,,,,19295.64
27-Oct-23,,,,19513.37
30-Oct-23,,,,19598.48
31-Oct-23,,,,19558.03
01-Nov-23,,,,19470.71
02-Nov-23,,,,19642.99
03-Nov-23,,,,19760.37
06-Nov-23,,,,19942.49
07-Nov-23,,,,19960.07
08-Nov-23,,,,20005.02
09-Nov-23,,,,19959.91
10-Nov-23,,,,19979.57
12-Nov-23,,,,20085.04
13-Nov-23,,,,20009.78
15-Nov-23,,,,20234.7
16-Nov-23,,,,20329.18
17-Nov-23,,,,20309.86
20-Nov-23,,,,20268.31
21-Nov-23,,,,20336.9
22-Nov-23,,,,20366.02
23-Nov-23,,,,20357.33
24-Nov-23,,,,20346.02
28-Nov-23,,,,20456.85
29-Nov-23,,,,20646.34
30-Nov-23,,,,20718.71
01-Dec-23,,,,20855.69
04-Dec-23,,,,21273.22
05-Dec-23,,,,21441.06
06-Dec-23,,,,21531.1
07-Dec-23,,,,21533.83
08-Dec-23,,,,21569.39
11-Dec-23,,,,21627.12
12-Dec-23,,,,21530.1
13-Dec-23,,,,21578.65
14-Dec-23,,,,21840.31
15-Dec-23,,,,22077.49
18-Dec-23,,,,22067.02
19-Dec-23,,,,22095.9
20-Dec-23,,,,21733.46
21-Dec-23,,,,21873.63
22-Dec-23,,,,21976.67
26-Dec-23,,,,22087.64
27-Dec-23,,,,22273.7
28-Dec-23,,,,22402.79
29-Dec-23,,,,22384.89
01-Jan-24,,,,22405.93
02-Jan-24,,,,22329.64
03-Jan-24,,,,22217.77
04-Jan-24,,,,22394.17
05-Jan-24,,,,22443.23
08-Jan-24,,,,22237.03
09-Jan-24,,,,22270.27
10-Jan-24,,,,22351.87
11-Jan-24,,,,22408.31
12-Jan-24,,,,22624.91
15-Jan-24,,,,22810.43
16-Jan-24,,,,22744.12
17-Jan-24,,,,22302.33
18-Jan-24,,,,22200.13
19-Jan-24,,,,22394.94
20-Jan-24,,,,22348.48
23-Jan-24,,,,21960.66
24-Jan-24,,,,22212.81
25-Jan-24,,,,22121.32
29-Jan-24,,,,22501.08
30-Jan-24,,,,22290.17
31-Jan-24,,,,22509.19
01-Feb-24,,,,22489.82
02-Feb-24,,,,22643.54
05-Feb-24,,,,22562.41
06-Feb-24,,,,22749.4
07-Feb-24,,,,22813.04
08-Feb-24,,,,22662.55
09-Feb-24,,,,22693.72
12-Feb-24,,,,22474.39
13-Feb-24,,,,22614.18
14-Feb-24,,,,22746.79
15-Feb-24,,,,22836.69
19-Feb-24,,,,23040.82
20-Feb-24,,,,23109.3
21-Feb-24,,,,22948.25
22-Feb-24,,,,23134.34
23-Feb-24,,,,23141.87
26-Feb-24,,,,23055.22
27-Feb-24,,,,23119.69
28-Feb-24,,,,22836.64
29-Feb-24,,,,22921.27
01-Mar-24,,,,23246.18
02-Mar-24,,,,23296.89
04-Mar-24,,,,23320.87
05-Mar-24,,,,23264.25
06-Mar-24,,,,23356.09
07-Mar-24,,,,23408.17
11-Mar-24,,,,23260.78
12-Mar-24,,,,23213.21
13-Mar-24,,,,22769.01
14-Mar-24,,,,22990.09
15-Mar-24,,,,22857.94
18-Mar-24,,,,22890.47
19-Mar-24,,,,22625.74
20-Mar-24,,,,22658.79
21-Mar-24,,,,22899.9
26-Mar-24,,,,22962.8
27-Mar-24,,,,23067.59
28-Mar-24,,,,23294.04
01-Apr-24,,,,23452.17
02-Apr-24,,,,23482.86
03-Apr-24,,,,23476.12
04-Apr-24,,,,23536.04
05-Apr-24,,,,23559.35
08-Apr-24,,,,23714.31
09-Apr-24,,,,23692.95
10-Apr-24,,,,23827.44
12-Apr-24,,,,23611.21
15-Apr-24,,,,23334.16
16-Apr-24,,,,23221.75
18-Apr-24,,,,23072.88
19-Apr-24,,,,23199.58
22-Apr-24,,,,23402.26
23-Apr-24,,,,23435.85
24-Apr-24,,,,23504.14
25-Apr-24,,,,23658.03
26-Apr-24,,,,23553.74
29-Apr-24,,,,23785.64
30-Apr-24,,,,23759.67
02-May-24,,,,23853.97
03-May-24,,,,23682.17
06-May-24,,,,23628.29
07-May-24,,,,23439.17
08-May-24,,,,23494.92
09-May-24,,,,23122.66
10-May-24,,,,23249.89
13-May-24,,,,23309.03
14-May-24,,,,23438.95
15-May-24,,,,23440.91
16-May-24,,,,23656.84
17-May-24,,,,23755.62
18-May-24,,,,23808.33
21-May-24,,,,23852.87
22-May-24,,,,23929.24
23-May-24,,,,24261.45
24-May-24,,,,24252.46
27-May-24,,,,24240.45
28-May-24,,,,24155.67
29-May-24,,,,23971.93
30-May-24,,,,23742.95
31-May-24,,,,23771.04
03-Jun-24,,,,24570.88
04-Jun-24,,,,23063.21
05-Jun-24,,,,23893.21
06-Jun-24,,,,24143.8
07-Jun-24,,,,24603.47
10-Jun-24,,,,24595.16
11-Jun-24,,,,24607.84
12-Jun-24,,,,24687.63
13-Jun-24,,,,24794.68
14-Jun-24,,,,24920.12
18-Jun-24,,,,25033.73
19-Jun-24,,,,24960.08
20-Jun-24,,,,25021.26
21-Jun-24,,,,24911.11
24-Jun-24,,,,24995.72
25-Jun-24,,,,25135.84
26-Jun-24,,,,25246.79
27-Jun-24,,,,25401.76
28-Jun-24,,,,25397.77
01-Jul-24,,,,25551.97
02-Jul-24,,,,25497.55
03-Jul-24,,,,25685.77
04-Jul-24,,,,25734.94
05-Jul-24,,,,25797.39
08-Jul-24,,,,25783.16
09-Jul-24,,,,25906.36
10-Jul-24,,,,25809.87
11-Jul-24,,,,25825.61
12-Jul-24,,,,25964.08
15-Jul-24,,,,26076.77
16-Jul-24,,,,26061.41
18-Jul-24,,,,26171.36
19-Jul-24,,,,25821.55
22-Jul-24,,,,25888.73
23-Jul-24,,,,25820.12
24-Jul-24,,,,25784.55
25-Jul-24,,,,25792.95
26-Jul-24,,,,26248.18
29-Jul-24,,,,26319.87
30-Jul-24,,,,26325.56
31-Jul-24,,,,26438.85
01-Aug-24,,,,26457.21
02-Aug-24,,,,26152.06
05-Aug-24,,,,25427.9
06-Aug-24,,,,25324.48
07-Aug-24,,,,25745.22
08-Aug-24,,,,25548.42
09-Aug-24,,,,25826.67
12-Aug-24,,,,25796.02
13-Aug-24,,,,25563.61
14-Aug-24,,,,25564.59
16-Aug-24,,,,25995.69
19-Aug-24,,,,26038.5
20-Aug-24,,,,26190.68
21-Aug-24,,,,26260.27
22-Aug-24,,,,26338.44
23-Aug-24,,,,26323.85
26-Aug-24,,,,26513.11
27-Aug-24,,,,26515.58
28-Aug-24,,,,26556.16
29-Aug-24,,,,26628.64
30-Aug-24,,,,26726.58
02-Sep-24,,,,26766.32
03-Sep-24,,,,26775.1
04-Sep-24,,,,26715.06
05-Sep-24,,,,26691.77
06-Sep-24,,,,26376.75
09-Sep-24,,,,26453.56
10-Sep-24,,,,26555.89
11-Sep-24,,,,26438.79
12-Sep-24,,,,26902.52
13-Sep-24,,,,26872.99
16-Sep-24,,,,26895.9
17-Sep-24,,,,26912.03
18-Sep-24,,,,26848.08
19-Sep-24,,,,26871.89
20-Sep-24,,,,27281.57
23-Sep-24,,,,27465.11
24-Sep-24,,,,27462.96
25-Sep-24,,,,27477.04
26-Sep-24,,,,27689.88
27-Sep-24,,,,27687.45
30-Sep-24,,,,27338.6
01-Oct-24,,,,27340.5
03-Oct-24,,,,26754.34
04-Oct-24,,,,26489.83
07-Oct-24,,,,26191.74
08-Oct-24,,,,26499.64
09-Oct-24,,,,26523.43
10-Oct-24,,,,26514.04
11-Oct-24,,,,26491.42
14-Oct-24,,,,26647.87
15-Oct-24,,,,26611.87
16-Oct-24,,,,26522.36
17-Oct-24,,,,26234.66
18-Oct-24,,,,26309.78
21-Oct-24,,,,26196.6
22-Oct-24,,,,25805.85
23-Oct-24,,,,25784.78
24-Oct-24,,,,25741.75
25-Oct-24,,,,25480.96
28-Oct-24,,,,25646.06
29-Oct-24,,,,25787.92
30-Oct-24,,,,25674.59
31-Oct-24,,,,25526.3
01-Nov-24,,,,25651.87
04-Nov-24,,,,25328.43
05-Nov-24,,,,25524.59
06-Nov-24,,,,25868.11
07-Nov-24,,,,25585.45
08-Nov-24,,,,25503.64
11-Nov-24,,,,25495.51
12-Nov-24,,,,25195.09
13-Nov-24,,,,24828.4
14-Nov-24,,,,24829.17
18-Nov-24,,,,24775.04
19-Nov-24,,,,24852.21
21-Nov-24,,,,24662.39
22-Nov-24,,,,25209.82
25-Nov-24,,,,25564.26
26-Nov-24,,,,25551.14
27-Nov-24,,,,25655.5
28-Nov-24,,,,25348.74
29-Nov-24,,,,25546.61
02-Dec-24,,,,25694.58
03-Dec-24,,,,25900.6
04-Dec-24,,,,25954.82
05-Dec-24,,,,26178.66
06-Dec-24,,,,26196.86
09-Dec-24,,,,26125.51
10-Dec-24,,,,26144.85
11-Dec-24,,,,26174
12-Dec-24,,,,26085.18
13-Dec-24,,,,26274.29
16-Dec-24,,,,26197.34
17-Dec-24,,,,25863.1
18-Dec-24,,,,25697.69
19-Dec-24,,,,25455.01
20-Dec-24,,,,25006.81
23-Dec-24,,,,25157.8
24-Dec-24,,,,25137.89
26-Dec-24,,,,25174.99
27-Dec-24,,,,25193.18
30-Dec-24,,,,25091.51
31-Dec-24,,,,25061.75
01-Jan-25,,,,25167.44
02-Jan-25,,,,25613.03
03-Jan-25,,,,25460.25
06-Jan-25,,,,24974.3
07-Jan-25,,,,25063.54
08-Jan-25,,,,24995.97
09-Jan-25,,,,24818.41
10-Jan-25,,,,24629.61
13-Jan-25,,,,24131.6
14-Jan-25,,,,24311.95
15-Jan-25,,,,24385.9
16-Jan-25,,,,24536.75
17-Jan-25,,,,24464.36
20-Jan-25,,,,24594.55
21-Jan-25,,,,24204.93
22-Jan-25,,,,24283.1
23-Jan-25,,,,24383.66
24-Jan-25,,,,24216.91
27-Jan-25,,,,23864.78
28-Jan-25,,,,23969.21
29-Jan-25,,,,24257.89
30-Jan-25,,,,24339.3
31-Jan-25,,,,24626.67
01-Feb-25,,,,24642.81
03-Feb-25,,,,24488.46
04-Feb-25,,,,24885.86
05-Feb-25,,,,24862.96
06-Feb-25,,,,24741.99
07-Feb-25,,,,24698.11
10-Feb-25,,,,24449.73
11-Feb-25,,,,24057.42
12-Feb-25,,,,24024.31
13-Feb-25,,,,24022.05
14-Feb-25,,,,23831.08
17-Feb-25,,,,23852.88
18-Feb-25,,,,23846.08
19-Feb-25,,,,23888.81
20-Feb-25,,,,23940.88
21-Feb-25,,,,23783.31
24-Feb-25,,,,23528.9
25-Feb-25,,,,23498.48
27-Feb-25,,,,23456.35
28-Feb-25,,,,22978.78
03-Mar-25,,,,23021.97
04-Mar-25,,,,23007.64
05-Mar-25,,,,23326.67
06-Mar-25,,,,23532.39
07-Mar-25,,,,23526.34
10-Mar-25,,,,23381.72
11-Mar-25,,,,23441.05
12-Mar-25,,,,23407.77
13-Mar-25,,,,23327.12
17-Mar-25,,,,23454.8
18-Mar-25,,,,23845.74
19-Mar-25,,,,23991.01
20-Mar-25,,,,24255.88
21-Mar-25,,,,24440.49
24-Mar-25,,,,24760.42
25-Mar-25,,,,24714.12
26-Mar-25,,,,24522.84
27-Mar-25,,,,24671.8
28-Mar-25,,,,24577.8
01-Apr-25,,,,24220.94
02-Apr-25,,,,24428.65
03-Apr-25,,,,24353.66
04-Apr-25,,,,23947.78
07-Apr-25,,,,23182.38
08-Apr-25,,,,23581.83
09-Apr-25,,,,23459.53
11-Apr-25,,,,23890.49
15-Apr-25,,,,24442.07
16-Apr-25,,,,24554.61
17-Apr-25,,,,24934.68
21-Apr-25,,,,25258.66
22-Apr-25,,,,25315.7
23-Apr-25,,,,25483.08
24-Apr-25,,,,25414.15
25-Apr-25,,,,25114.27
28-Apr-25,,,,25430.81
29-Apr-25,,,,25434.35
30-Apr-25,,,,25375.24
02-May-25,,,,25390.52
05-May-25,,,,25568.36
06-May-25,,,,25386.17
07-May-25,,,,25461.33
08-May-25,,,,25217.75
09-May-25,,,,25013.93
12-May-25,,,,25976.5
13-May-25,,,,25686.14
14-May-25,,,,25787.8
15-May-25,,,,26159.91
16-May-25,,,,26173.55
19-May-25,,,,26130.95
20-May-25,,,,25815.8
21-May-25,,,,25980.81
22-May-25,,,,25795.88
23-May-25,,,,26028.93
26-May-25,,,,26172.38
27-May-25,,,,26020.23
28-May-25,,,,25931.16
29-May-25,,,,26017.47
30-May-25,,,,25940.24
02-Jun-25,,,,25946.55
03-Jun-25,,,,25757.62
04-Jun-25,,,,25834.79
05-Jun-25,,,,25972.38
06-Jun-25,,,,26238.7
09-Jun-25,,,,26387.88
10-Jun-25,,,,26393.76
11-Jun-25,,,,26410.86
12-Jun-25,,,,26109.49
13-Jun-25,,,,25940.81
16-Jun-25,,,,26167.42
17-Jun-25,,,,26055.05
18-Jun-25,,,,25996.73
19-Jun-25,,,,25910.13
20-Jun-25,,,,26244.81
23-Jun-25,,,,26131.21
24-Jun-25,,,,26231.56
25-Jun-25,,,,26427.35
26-Jun-25,,,,26728.86
27-Jun-25,,,,26840.88
30-Jun-25,,,,26762.83
01-Jul-25,,,,26780.51
02-Jul-25,,,,26692.87
03-Jul-25,,,,26626.83
04-Jul-25,,,,26686.3
07-Jul-25,,,,26690.75
08-Jul-25,,,,26750.87
09-Jul-25,,,,26692.99
10-Jul-25,,,,26580.06
11-Jul-25,,,,26354.28
14-Jul-25,,,,26324.85
15-Jul-25,,,,26466.86
16-Jul-25,,,,26481.24
17-Jul-25,,,,26379.91
18-Jul-25,,,,26223.96
21-Jul-25,,,,26347.81
22-Jul-25,,,,26301.86
23-Jul-25,,,,26452.39
24-Jul-25,,,,26286.78
25-Jul-25,,,,26031.97
28-Jul-25,,,,25871.77
29-Jul-25,,,,26035.4
30-Jul-25,,,,26064.32
31-Jul-25,,,,25961.78
01-Aug-25,,,,25730.72
04-Aug-25,,,,25916.49
05-Aug-25,,,,25833.02
06-Aug-25,,,,25733.58
07-Aug-25,,,,25776.75
08-Aug-25,,,,25504.71
11-Aug-25,,,,25755.56
12-Aug-25,,,,25659.55
13-Aug-25,,,,25795.57
14-Aug-25,,,,25793.72
18-Aug-25,,,,26058.3
19-Aug-25,,,,26183.72
20-Aug-25,,,,26266.23
21-Aug-25,,,,26286.81
22-Aug-25,,,,26085.43
25-Aug-25,,,,26173.92
26-Aug-25,,,,25874.63
28-Aug-25,,,,25638.18
29-Aug-25,,,,25556.76
01-Sep-25,,,,25803.52
02-Sep-25,,,,25768.6
03-Sep-25,,,,25909.22
04-Sep-25,,,,25908.01
05-Sep-25,,,,25903.99
08-Sep-25,,,,25939.73
09-Sep-25,,,,26038.77
10-Sep-25,,,,26171.76
11-Sep-25,,,,26209.58
12-Sep-25,,,,26315
15-Sep-25,,,,26298.67
16-Sep-25,,,,26471.61
17-Sep-25,,,,26556.48
18-Sep-25,,,,26651.94
19-Sep-25,,,,26588.89
22-Sep-25,,,,26478.94
23-Sep-25,,,,26434.3
24-Sep-25,,,,26272.99
25-Sep-25,,,,26099.94
26-Sep-25,,,,25810.86
29-Sep-25,,,,25824.33
30-Sep-25,,,,25810.92
01-Oct-25,,,,26024
03-Oct-25,,,,26098.42
06-Oct-25,,,,26281.86
07-Oct-25,,,,26324.87
08-Oct-25,,,,26232.37
09-Oct-25,,,,26380.26
10-Oct-25,,,,26497.09
13-Oct-25,,,,26449.38
14-Oct-25,,,,26338.42
15-Oct-25,,,,26564.97
16-Oct-25,,,,26814.09
17-Oct-25,,,,26905.23
20-Oct-25,,,,27047.16
21-Oct-25,,,,27068.13
23-Oct-25,,,,27083.84
24-Oct-25,,,,26995.06
27-Oct-25,,,,27176.91
28-Oct-25,,,,27148.82
29-Oct-25,,,,27297.94
30-Oct-25,,,,27139.92
31-Oct-25,,,,26988.8
03-Nov-25,,,,27062.89
04-Nov-25,,,,26893.79
06-Nov-25,,,,26769.2
07-Nov-25,,,,26758.19
10-Nov-25,,,,26846.99
11-Nov-25,,,,26960.86
12-Nov-25,,,,27131.35
13-Nov-25,,,,27126.25
14-Nov-25,,,,27134.19
17-Nov-25,,,,27277.19
18-Nov-25,,,,27145.71
19-Nov-25,,,,27287.61
20-Nov-25,,,,27404.8
21-Nov-25,,,,27241.92
24-Nov-25,,,,27115.58
25-Nov-25,,,,27071.99
26-Nov-25,,,,27417.23
27-Nov-25,,,,27420.14
28-Nov-25,,,,27414.82
01-Dec-25,,,,27397.55
02-Dec-25,,,,27274.15
03-Dec-25,,,,27182.41
04-Dec-25,,,,27240.65
05-Dec-25,,,,27394.16