Date,Price,,,,,Change %
31-05-2024,"14,564.73",,,,,0.27%
30-05-2024,"14,525.70",,,,,-1.16%
29-05-2024,"14,695.84",,,,,-0.19%
28-05-2024,"14,724.37",,,,,-0.70%
27-05-2024,"14,827.73",,,,,0.52%
24-05-2024,"14,751.39",,,,,0.13%
23-05-2024,"14,731.65",,,,,0.61%
22-05-2024,"14,642.43",,,,,0.07%
21-05-2024,"14,631.90",,,,,0.30%
18-05-2024,"14,587.52",,,,,0.54%
17-05-2024,"14,508.46",,,,,1.28%
16-05-2024,"14,325.69",,,,,1.13%
15-05-2024,"14,165.07",,,,,0.67%
14-05-2024,"14,070.23",,,,,1.09%
13-05-2024,"13,919.04",,,,,0.40%
10-05-2024,"13,863.20",,,,,0.79%
09-05-2024,"13,753.95",,,,,-2.03%
08-05-2024,"14,038.57",,,,,0.78%
07-05-2024,"13,929.51",,,,,-1.84%
06-05-2024,"14,190.99",,,,,-0.86%
03-05-2024,"14,313.85",,,,,-0.31%
02-05-2024,"14,358.81",,,,,0.84%
30-04-2024,"14,239.37",,,,,0.50%
29-04-2024,"14,167.92",,,,,0.60%
26-04-2024,"14,083.42",,,,,0.76%
25-04-2024,"13,977.30",,,,,0.57%
24-04-2024,"13,897.52",,,,,0.81%
23-04-2024,"13,786.43",,,,,0.65%
22-04-2024,"13,696.75",,,,,0.78%
19-04-2024,"13,590.28",,,,,-0.31%
18-04-2024,"13,632.18",,,,,-0.31%
16-04-2024,"13,673.93",,,,,-0.02%
15-04-2024,"13,676.28",,,,,-1.49%
12-04-2024,"13,883.28",,,,,-0.53%
10-04-2024,"13,956.65",,,,,0.96%
09-04-2024,"13,824.09",,,,,-0.43%
08-04-2024,"13,883.43",,,,,0.05%
05-04-2024,"13,876.80",,,,,0.45%
04-04-2024,"13,814.80",,,,,-0.01%
03-04-2024,"13,816.52",,,,,0.69%
02-04-2024,"13,722.34",,,,,1.09%
01-04-2024,"13,574.09",,,,,1.76%
28-03-2024,"13,339.80",,,,,0.59%
27-03-2024,"13,261.90",,,,,0.12%
26-03-2024,"13,246.39",,,,,0.84%
22-03-2024,"13,136.25",,,,,0.50%
21-03-2024,"13,071.36",,,,,2.11%
20-03-2024,"12,801.00",,,,,-0.04%
19-03-2024,"12,806.28",,,,,-1.29%
18-03-2024,"12,973.43",,,,,-0.20%
15-03-2024,"12,999.24",,,,,-0.29%
14-03-2024,"13,037.58",,,,,2.23%
13-03-2024,"12,753.74",,,,,-4.06%
12-03-2024,"13,293.59",,,,,-1.15%
11-03-2024,"13,448.70",,,,,-0.41%
07-03-2024,"13,504.17",,,,,0.53%
06-03-2024,"13,432.85",,,,,-0.70%
05-03-2024,"13,527.54",,,,,-0.30%
04-03-2024,"13,567.94",,,,,0.02%
02-03-2024,"13,565.21",,,,,0.61%
01-03-2024,"13,482.46",,,,,0.59%
29-02-2024,"13,403.37",,,,,0.69%
28-02-2024,"13,311.56",,,,,-1.73%
27-02-2024,"13,545.62",,,,,-0.18%
26-02-2024,"13,569.39",,,,,-0.28%
23-02-2024,"13,607.81",,,,,0.38%
22-02-2024,"13,555.93",,,,,0.80%
21-02-2024,"13,448.27",,,,,-1.24%
20-02-2024,"13,616.93",,,,,-0.23%
19-02-2024,"13,648.00",,,,,0.40%
16-02-2024,"13,593.17",,,,,0.68%
15-02-2024,"13,501.94",,,,,1.03%
14-02-2024,"13,364.63",,,,,1.05%
13-02-2024,"13,226.06",,,,,0.42%
12-02-2024,"13,170.68",,,,,-2.44%
09-02-2024,"13,499.74",,,,,-0.96%
08-02-2024,"13,630.83",,,,,-0.07%
07-02-2024,"13,640.15",,,,,1.10%
06-02-2024,"13,491.88",,,,,1.27%
05-02-2024,"13,323.29",,,,,-0.20%
02-02-2024,"13,349.94",,,,,0.55%
01-02-2024,"13,276.74",,,,,-0.47%
31-01-2024,"13,339.76",,,,,1.65%
30-01-2024,"13,123.38",,,,,-0.41%
29-01-2024,"13,176.76",,,,,1.50%
25-01-2024,"12,981.54",,,,,-0.42%
24-01-2024,"13,036.02",,,,,1.74%
23-01-2024,"12,813.49",,,,,-2.81%
20-01-2024,"13,183.94",,,,,0.17%
19-01-2024,"13,161.54",,,,,1.56%
18-01-2024,"12,959.44",,,,,-0.03%
17-01-2024,"12,963.55",,,,,-1.00%
16-01-2024,"13,094.56",,,,,-0.31%
15-01-2024,"13,135.91",,,,,0.47%
12-01-2024,"13,073.98",,,,,0.38%
11-01-2024,"13,024.21",,,,,0.73%
10-01-2024,"12,929.90",,,,,0.21%
09-01-2024,"12,902.88",,,,,0.28%
08-01-2024,"12,867.22",,,,,-0.88%
05-01-2024,"12,981.38",,,,,0.36%
04-01-2024,"12,934.48",,,,,1.38%
03-01-2024,"12,758.06",,,,,0.20%
02-01-2024,"12,732.10",,,,,-0.10%
01-01-2024,"12,745.44",,,,,0.47%
29-12-2023,"12,685.84",,,,,0.81%
28-12-2023,"12,583.43",,,,,0.67%
27-12-2023,"12,499.97",,,,,0.30%
26-12-2023,"12,462.39",,,,,0.51%
22-12-2023,"12,398.72",,,,,0.83%
21-12-2023,"12,296.10",,,,,1.55%
20-12-2023,"12,108.22",,,,,-3.11%
19-12-2023,"12,496.74",,,,,-0.28%
18-12-2023,"12,532.42",,,,,0.20%
15-12-2023,"12,508.00",,,,,0.14%
14-12-2023,"12,490.61",,,,,1.11%
13-12-2023,"12,353.09",,,,,0.98%
12-12-2023,"12,232.78",,,,,-0.55%
11-12-2023,"12,300.68",,,,,0.61%
08-12-2023,"12,225.68",,,,,-0.19%
07-12-2023,"12,248.84",,,,,0.41%
06-12-2023,"12,198.92",,,,,0.13%
05-12-2023,"12,183.33",,,,,0.12%
04-12-2023,"12,168.68",,,,,1.18%
01-12-2023,"12,026.57",,,,,0.92%
30-11-2023,"11,917.31",,,,,0.99%
29-11-2023,"11,800.23",,,,,0.72%
28-11-2023,"11,715.97",,,,,0.26%
24-11-2023,"11,685.30",,,,,0.08%
23-11-2023,"11,675.70",,,,,0.32%
22-11-2023,"11,638.72",,,,,-0.04%
21-11-2023,"11,643.23",,,,,0.04%
20-11-2023,"11,638.30",,,,,0.01%
17-11-2023,"11,637.02",,,,,0.17%
16-11-2023,"11,617.52",,,,,0.64%
15-11-2023,"11,543.92",,,,,0.95%
13-11-2023,"11,435.07",,,,,0.02%
12-11-2023,"11,432.51",,,,,0.68%
10-11-2023,"11,355.55",,,,,0.33%
09-11-2023,"11,318.36",,,,,0.03%
08-11-2023,"11,315.25",,,,,0.95%
07-11-2023,"11,208.52",,,,,0.39%
06-11-2023,"11,165.46",,,,,0.88%
03-11-2023,"11,068.06",,,,,0.67%
02-11-2023,"10,994.47",,,,,1.20%
01-11-2023,"10,864.45",,,,,-0.12%
31-10-2023,"10,877.62",,,,,0.20%
30-10-2023,"10,855.69",,,,,0.14%
27-10-2023,"10,841.01",,,,,1.55%
26-10-2023,"10,676.01",,,,,-1.14%
25-10-2023,"10,798.60",,,,,-0.58%
23-10-2023,"10,861.40",,,,,-2.54%
20-10-2023,"11,143.93",,,,,-1.00%
19-10-2023,"11,256.19",,,,,-0.06%
18-10-2023,"11,262.79",,,,,-0.74%
17-10-2023,"11,346.62",,,,,0.37%
16-10-2023,"11,304.84",,,,,0.20%
13-10-2023,"11,282.43",,,,,-0.14%
12-10-2023,"11,298.76",,,,,0.28%
11-10-2023,"11,267.56",,,,,0.58%
10-10-2023,"11,202.26",,,,,1.24%
09-10-2023,"11,064.80",,,,,-1.22%
06-10-2023,"11,200.91",,,,,0.63%
05-10-2023,"11,131.23",,,,,-0.02%
04-10-2023,"11,133.21",,,,,-1.40%
03-10-2023,"11,291.08",,,,,0.18%
29-09-2023,"11,270.65",,,,,1.11%
28-09-2023,"11,147.13",,,,,-1.11%
27-09-2023,"11,272.38",,,,,0.81%
26-09-2023,"11,181.69",,,,,0.03%
25-09-2023,"11,178.21",,,,,0.35%
22-09-2023,"11,139.41",,,,,-0.13%
21-09-2023,"11,153.94",,,,,-0.94%
20-09-2023,"11,259.35",,,,,-0.38%
18-09-2023,"11,302.69",,,,,-0.45%
15-09-2023,"11,354.01",,,,,0.10%
14-09-2023,"11,343.10",,,,,0.96%
13-09-2023,"11,235.24",,,,,0.14%
12-09-2023,"11,219.50",,,,,-2.85%
11-09-2023,"11,548.57",,,,,0.78%
08-09-2023,"11,459.02",,,,,0.83%
07-09-2023,"11,364.86",,,,,0.57%
06-09-2023,"11,300.67",,,,,0.03%
05-09-2023,"11,297.47",,,,,1.10%
04-09-2023,"11,174.91",,,,,0.82%
01-09-2023,"11,083.64",,,,,0.69%
31-08-2023,"11,007.59",,,,,0.18%
30-08-2023,"10,988.28",,,,,0.61%
29-08-2023,"10,921.19",,,,,0.41%
28-08-2023,"10,876.37",,,,,0.43%
25-08-2023,"10,829.89",,,,,-0.81%
24-08-2023,"10,918.66",,,,,0.27%
23-08-2023,"10,889.00",,,,,0.49%
22-08-2023,"10,835.83",,,,,0.90%
21-08-2023,"10,739.08",,,,,0.72%
18-08-2023,"10,662.76",,,,,-0.33%
17-08-2023,"10,697.72",,,,,0.25%
16-08-2023,"10,670.64",,,,,0.29%
14-08-2023,"10,639.32",,,,,-0.38%
11-08-2023,"10,679.75",,,,,-0.19%
10-08-2023,"10,700.24",,,,,-0.05%
09-08-2023,"10,705.44",,,,,0.33%
08-08-2023,"10,670.10",,,,,0.26%
07-08-2023,"10,642.56",,,,,0.57%
04-08-2023,"10,582.34",,,,,0.70%
03-08-2023,"10,508.92",,,,,0.05%
02-08-2023,"10,504.13",,,,,-1.21%
01-08-2023,"10,632.25",,,,,0.12%
31-07-2023,"10,619.08",,,,,1.26%
28-07-2023,"10,486.78",,,,,0.58%
27-07-2023,"10,426.39",,,,,0.34%
26-07-2023,"10,391.35",,,,,0.30%
25-07-2023,"10,360.59",,,,,0.42%
24-07-2023,"10,317.50",,,,,0.15%
21-07-2023,"10,301.59",,,,,-0.26%
20-07-2023,"10,328.39",,,,,0.21%
19-07-2023,"10,307.20",,,,,0.62%
18-07-2023,"10,243.97",,,,,-0.17%
17-07-2023,"10,261.33",,,,,0.45%
14-07-2023,"10,215.53",,,,,0.95%
13-07-2023,"10,119.12",,,,,-0.49%
12-07-2023,"10,168.97",,,,,0.48%
11-07-2023,"10,120.24",,,,,0.70%
10-07-2023,"10,049.77",,,,,-0.44%
07-07-2023,"10,094.31",,,,,-0.82%
06-07-2023,"10,177.96",,,,,0.80%
05-07-2023,"10,097.59",,,,,0.60%
04-07-2023,"10,037.05",,,,,-0.26%
03-07-2023,"10,062.86",,,,,0.15%
30-06-2023,"10,047.78",,,,,0.59%
28-06-2023,"9,988.62",,,,,0.49%
27-06-2023,"9,939.97",,,,,0.47%
26-06-2023,"9,893.58",,,,,0.95%
23-06-2023,"9,800.93",,,,,-1.15%
22-06-2023,"9,914.79",,,,,-0.90%
21-06-2023,"10,004.75",,,,,0.61%
20-06-2023,"9,943.76",,,,,0.35%
19-06-2023,"9,908.62",,,,,-0.11%
16-06-2023,"9,919.78",,,,,0.71%
15-06-2023,"9,849.93",,,,,0.07%
14-06-2023,"9,843.34",,,,,0.29%
13-06-2023,"9,814.61",,,,,1.22%
12-06-2023,"9,696.53",,,,,0.66%
09-06-2023,"9,632.94",,,,,-0.17%
08-06-2023,"9,649.77",,,,,-0.64%
07-06-2023,"9,711.62",,,,,1.15%
06-06-2023,"9,601.32",,,,,0.10%
05-06-2023,"9,591.53",,,,,0.27%
02-06-2023,"9,565.69",,,,,0.49%
01-06-2023,"9,519.09",,,,,0.12%
31-05-2023,"9,507.74",,,,,0.42%
30-05-2023,"9,468.15",,,,,0.36%
29-05-2023,"9,433.83",,,,,0.37%
26-05-2023,"9,398.90",,,,,0.77%
25-05-2023,"9,327.31",,,,,0.26%
24-05-2023,"9,302.97",,,,,0.10%
23-05-2023,"9,293.99",,,,,0.43%
22-05-2023,"9,254.63",,,,,0.59%
19-05-2023,"9,200.24",,,,,-0.06%
18-05-2023,"9,205.66",,,,,-0.67%
17-05-2023,"9,267.41",,,,,-0.07%
16-05-2023,"9,274.07",,,,,0.20%
15-05-2023,"9,255.98",,,,,0.52%
12-05-2023,"9,208.02",,,,,-0.20%
11-05-2023,"9,226.23",,,,,0.34%
10-05-2023,"9,194.73",,,,,0.11%
09-05-2023,"9,184.53",,,,,-0.03%
08-05-2023,"9,187.52",,,,,0.86%
05-05-2023,"9,109.13",,,,,-0.66%
04-05-2023,"9,169.88",,,,,0.70%
03-05-2023,"9,106.39",,,,,0.26%
02-05-2023,"9,082.39",,,,,0.75%
28-04-2023,"9,015.21",,,,,1.20%
27-04-2023,"8,908.66",,,,,0.53%
26-04-2023,"8,862.03",,,,,0.14%
25-04-2023,"8,849.98",,,,,-0.04%
24-04-2023,"8,853.32",,,,,0.32%
21-04-2023,"8,825.26",,,,,-0.42%
20-04-2023,"8,862.12",,,,,-0.10%
19-04-2023,"8,870.65",,,,,-0.25%
18-04-2023,"8,892.60",,,,,0.60%
17-04-2023,"8,840.00",,,,,0.42%
13-04-2023,"8,802.85",,,,,0.20%
12-04-2023,"8,784.91",,,,,0.63%
11-04-2023,"8,729.81",,,,,0.47%
10-04-2023,"8,688.82",,,,,0.30%
06-04-2023,"8,662.55",,,,,0.63%
05-04-2023,"8,608.27",,,,,0.13%
03-04-2023,"8,596.73",,,,,0.35%
31-03-2023,"8,566.42",,,,,0.84%
29-03-2023,"8,495.33",,,,,1.72%
28-03-2023,"8,351.92",,,,,-0.39%
27-03-2023,"8,384.34",,,,,-0.53%
24-03-2023,"8,429.25",,,,,-1.25%
23-03-2023,"8,536.15",,,,,-0.37%
22-03-2023,"8,567.43",,,,,0.28%
21-03-2023,"8,543.71",,,,,0.45%
20-03-2023,"8,505.40",,,,,-1.01%
17-03-2023,"8,592.10",,,,,0.27%
16-03-2023,"8,568.67",,,,,-0.05%
15-03-2023,"8,572.65",,,,,-0.01%
14-03-2023,"8,573.57",,,,,-0.62%
13-03-2023,"8,626.75",,,,,-1.83%
10-03-2023,"8,787.80",,,,,-0.60%
09-03-2023,"8,840.44",,,,,-0.60%
08-03-2023,"8,893.56",,,,,0.34%
06-03-2023,"8,863.58",,,,,0.70%
03-03-2023,"8,802.10",,,,,0.55%
02-03-2023,"8,754.32",,,,,-0.21%
01-03-2023,"8,772.36",,,,,1.33%
28-02-2023,"8,657.38",,,,,0.57%
27-02-2023,"8,608.05",,,,,-0.71%
24-02-2023,"8,669.65",,,,,-0.24%
23-02-2023,"8,690.39",,,,,-0.28%
22-02-2023,"8,714.74",,,,,-0.99%
21-02-2023,"8,801.78",,,,,-0.34%
20-02-2023,"8,831.79",,,,,0.02%
17-02-2023,"8,830.12",,,,,-0.76%
16-02-2023,"8,897.75",,,,,0.94%
15-02-2023,"8,814.47",,,,,0.51%
14-02-2023,"8,769.39",,,,,-0.42%
13-02-2023,"8,806.69",,,,,-1.32%
10-02-2023,"8,924.22",,,,,0.21%
09-02-2023,"8,905.61",,,,,0.14%
08-02-2023,"8,893.30",,,,,0.90%
07-02-2023,"8,813.79",,,,,-0.16%
06-02-2023,"8,827.74",,,,,0.81%
03-02-2023,"8,757.09",,,,,-0.08%
02-02-2023,"8,763.77",,,,,0.23%
01-02-2023,"8,743.55",,,,,-0.84%
31-01-2023,"8,817.70",,,,,1.62%
30-01-2023,"8,677.53",,,,,-0.01%
27-01-2023,"8,678.06",,,,,-1.18%
25-01-2023,"8,781.31",,,,,-1.34%
24-01-2023,"8,900.39",,,,,-0.43%
23-01-2023,"8,939.20",,,,,0.26%
20-01-2023,"8,916.41",,,,,-0.75%
19-01-2023,"8,983.68",,,,,-0.07%
18-01-2023,"8,990.10",,,,,0.41%
17-01-2023,"8,953.25",,,,,-0.05%
16-01-2023,"8,957.66",,,,,-0.34%
13-01-2023,"8,988.53",,,,,0.02%
12-01-2023,"8,986.98",,,,,-0.19%
11-01-2023,"9,004.45",,,,,-0.16%
10-01-2023,"9,018.85",,,,,-0.40%
09-01-2023,"9,055.27",,,,,0.84%
06-01-2023,"8,979.43",,,,,-0.68%
05-01-2023,"9,040.99",,,,,0.36%
04-01-2023,"9,008.33",,,,,-0.90%
03-01-2023,"9,090.40",,,,,0.24%
02-01-2023,"9,068.90",,,,,0.67%
30-12-2022,"9,008.56",,,,,0.51%
29-12-2022,"8,962.94",,,,,0.04%
28-12-2022,"8,959.32",,,,,0.29%
27-12-2022,"8,933.24",,,,,0.92%
26-12-2022,"8,851.88",,,,,2.31%
23-12-2022,"8,651.94",,,,,-3.34%
22-12-2022,"8,950.80",,,,,-0.83%
21-12-2022,"9,025.78",,,,,-1.39%
20-12-2022,"9,153.10",,,,,-0.17%
19-12-2022,"9,168.64",,,,,0.44%
16-12-2022,"9,128.62",,,,,-1.41%
15-12-2022,"9,258.93",,,,,-0.93%
14-12-2022,"9,345.83",,,,,0.73%
13-12-2022,"9,277.94",,,,,0.29%
12-12-2022,"9,250.79",,,,,0.17%
09-12-2022,"9,235.26",,,,,-0.52%
08-12-2022,"9,283.27",,,,,0.54%
07-12-2022,"9,233.75",,,,,-0.42%
06-12-2022,"9,272.57",,,,,-0.48%
05-12-2022,"9,316.96",,,,,0.03%
02-12-2022,"9,314.36",,,,,0.81%
01-12-2022,"9,239.10",,,,,0.84%
30-11-2022,"9,162.23",,,,,0.96%
29-11-2022,"9,075.51",,,,,-0.32%
28-11-2022,"9,104.45",,,,,0.68%
25-11-2022,"9,042.68",,,,,0.79%
24-11-2022,"8,972.20",,,,,0.42%
23-11-2022,"8,934.50",,,,,0.19%
22-11-2022,"8,917.16",,,,,0.41%
21-11-2022,"8,881.06",,,,,-0.03%
18-11-2022,"8,883.65",,,,,-0.38%
17-11-2022,"8,917.82",,,,,-0.42%
16-11-2022,"8,955.72",,,,,-0.61%
15-11-2022,"9,010.29",,,,,-0.01%
14-11-2022,"9,011.18",,,,,-0.01%
11-11-2022,"9,012.28",,,,,0.06%
10-11-2022,"9,007.18",,,,,-0.94%
09-11-2022,"9,092.43",,,,,-0.54%
07-11-2022,"9,141.34",,,,,0.84%
04-11-2022,"9,065.37",,,,,-0.10%
03-11-2022,"9,074.01",,,,,0.21%
02-11-2022,"9,055.11",,,,,0.05%
01-11-2022,"9,050.48",,,,,0.91%
31-10-2022,"8,968.45",,,,,1.29%
28-10-2022,"8,854.49",,,,,-0.60%
27-10-2022,"8,907.60",,,,,0.60%
25-10-2022,"8,854.38",,,,,0.29%
24-10-2022,"8,828.38",,,,,0.57%
21-10-2022,"8,778.52",,,,,-0.59%
20-10-2022,"8,831.03",,,,,-0.24%
19-10-2022,"8,852.20",,,,,0.00%
18-10-2022,"8,851.85",,,,,1.02%
17-10-2022,"8,762.86",,,,,0.26%
14-10-2022,"8,740.11",,,,,-0.04%
13-10-2022,"8,743.57",,,,,-0.64%
12-10-2022,"8,800.33",,,,,0.68%
11-10-2022,"8,741.31",,,,,-1.66%
10-10-2022,"8,889.22",,,,,-0.95%
07-10-2022,"8,974.76",,,,,-0.25%
06-10-2022,"8,996.83",,,,,1.12%
04-10-2022,"8,897.59",,,,,2.40%
03-10-2022,"8,689.20",,,,,-1.20%
30-09-2022,"8,795.04",,,,,1.47%
29-09-2022,"8,667.29",,,,,0.46%
28-09-2022,"8,627.29",,,,,-0.41%
27-09-2022,"8,663.13",,,,,0.08%
26-09-2022,"8,655.92",,,,,-2.81%
23-09-2022,"8,906.46",,,,,-2.21%
22-09-2022,"9,107.57",,,,,0.29%
21-09-2022,"9,081.47",,,,,-0.51%
20-09-2022,"9,128.45",,,,,1.53%
19-09-2022,"8,990.57",,,,,-0.13%
16-09-2022,"9,001.94",,,,,-2.60%
15-09-2022,"9,242.56",,,,,0.26%
14-09-2022,"9,218.15",,,,,-0.26%
13-09-2022,"9,241.87",,,,,0.23%
12-09-2022,"9,220.38",,,,,0.87%
09-09-2022,"9,141.09",,,,,0.47%
08-09-2022,"9,098.32",,,,,0.28%
07-09-2022,"9,072.65",,,,,0.57%
06-09-2022,"9,021.28",,,,,0.16%
05-09-2022,"9,006.82",,,,,0.69%
02-09-2022,"8,944.80",,,,,-0.34%
01-09-2022,"8,974.99",,,,,0.29%
30-08-2022,"8,948.62",,,,,1.85%
29-08-2022,"8,785.80",,,,,-0.76%
26-08-2022,"8,853.32",,,,,0.16%
25-08-2022,"8,839.32",,,,,0.10%
24-08-2022,"8,830.06",,,,,0.62%
23-08-2022,"8,775.76",,,,,0.79%
22-08-2022,"8,706.79",,,,,-1.76%
19-08-2022,"8,863.01",,,,,-1.23%
18-08-2022,"8,973.64",,,,,0.22%
17-08-2022,"8,953.81",,,,,0.58%
16-08-2022,"8,902.27",,,,,1.24%
12-08-2022,"8,793.09",,,,,0.50%
11-08-2022,"8,749.73",,,,,0.98%
10-08-2022,"8,664.78",,,,,-0.13%
08-08-2022,"8,675.65",,,,,0.24%
05-08-2022,"8,654.90",,,,,0.32%
04-08-2022,"8,627.14",,,,,0.56%
03-08-2022,"8,579.44",,,,,-0.49%
02-08-2022,"8,621.76",,,,,0.42%
01-08-2022,"8,585.34",,,,,1.41%
29-07-2022,"8,465.62",,,,,1.09%
28-07-2022,"8,374.31",,,,,0.74%
27-07-2022,"8,312.54",,,,,0.84%
26-07-2022,"8,243.02",,,,,-1.21%
25-07-2022,"8,343.96",,,,,-0.05%
22-07-2022,"8,348.41",,,,,0.04%
21-07-2022,"8,345.46",,,,,1.15%
20-07-2022,"8,250.66",,,,,0.30%
19-07-2022,"8,225.69",,,,,0.84%
18-07-2022,"8,157.53",,,,,1.38%
15-07-2022,"8,046.72",,,,,0.54%
14-07-2022,"8,003.12",,,,,-0.47%
13-07-2022,"8,041.03",,,,,0.35%
12-07-2022,"8,012.97",,,,,-0.66%
11-07-2022,"8,066.41",,,,,0.85%
08-07-2022,"7,998.73",,,,,0.01%
07-07-2022,"7,997.79",,,,,1.37%
06-07-2022,"7,889.43",,,,,1.74%
05-07-2022,"7,754.51",,,,,-0.19%
04-07-2022,"7,769.09",,,,,0.69%
01-07-2022,"7,715.48",,,,,0.48%
30-06-2022,"7,678.89",,,,,-0.66%
29-06-2022,"7,730.03",,,,,-0.28%
28-06-2022,"7,751.58",,,,,0.22%
27-06-2022,"7,734.80",,,,,1.02%
24-06-2022,"7,657.04",,,,,1.42%
23-06-2022,"7,549.54",,,,,1.35%
22-06-2022,"7,449.20",,,,,-1.40%
21-06-2022,"7,554.82",,,,,2.46%
20-06-2022,"7,373.52",,,,,-1.67%
17-06-2022,"7,498.63",,,,,-0.73%
16-06-2022,"7,554.09",,,,,-2.35%
15-06-2022,"7,736.24",,,,,0.52%
14-06-2022,"7,696.47",,,,,-0.23%
13-06-2022,"7,714.52",,,,,-2.72%
10-06-2022,"7,930.49",,,,,-0.73%
09-06-2022,"7,988.96",,,,,0.35%
08-06-2022,"7,961.38",,,,,-0.34%
07-06-2022,"7,988.92",,,,,-0.81%
06-06-2022,"8,054.24",,,,,-0.34%
03-06-2022,"8,081.69",,,,,-1.49%
02-06-2022,"8,203.80",,,,,0.22%
01-06-2022,"8,185.46",,,,,0.20%
31-05-2022,"8,168.88",,,,,0.24%
30-05-2022,"8,149.35",,,,,2.52%
27-05-2022,"7,949.06",,,,,1.43%
26-05-2022,"7,837.26",,,,,1.13%
25-05-2022,"7,749.87",,,,,-2.10%
24-05-2022,"7,916.42",,,,,-0.75%
23-05-2022,"7,976.01",,,,,-0.20%
20-05-2022,"7,992.32",,,,,2.02%
19-05-2022,"7,834.35",,,,,-2.55%
18-05-2022,"8,039.16",,,,,-0.03%
17-05-2022,"8,041.74",,,,,2.44%
16-05-2022,"7,850.21",,,,,1.42%
13-05-2022,"7,740.60",,,,,1.05%
12-05-2022,"7,660.27",,,,,-2.19%
11-05-2022,"7,832.04",,,,,-0.71%
10-05-2022,"7,888.36",,,,,-1.98%
09-05-2022,"8,047.89",,,,,-1.80%
06-05-2022,"8,195.59",,,,,-1.97%
05-05-2022,"8,360.31",,,,,0.02%
04-05-2022,"8,358.57",,,,,-2.14%
02-05-2022,"8,541.44",,,,,-0.59%
29-04-2022,"8,592.46",,,,,-0.44%
28-04-2022,"8,630.05",,,,,0.52%
27-04-2022,"8,585.32",,,,,-0.63%
26-04-2022,"8,639.65",,,,,1.45%
25-04-2022,"8,516.52",,,,,-1.67%
22-04-2022,"8,661.41",,,,,-0.79%
21-04-2022,"8,730.30",,,,,1.26%
20-04-2022,"8,621.34",,,,,0.34%
19-04-2022,"8,591.95",,,,,-0.96%
18-04-2022,"8,675.50",,,,,-1.12%
13-04-2022,"8,773.52",,,,,-0.19%
12-04-2022,"8,789.91",,,,,-1.42%
11-04-2022,"8,916.57",,,,,0.38%
08-04-2022,"8,882.43",,,,,0.94%
07-04-2022,"8,799.43",,,,,-0.89%
06-04-2022,"8,878.09",,,,,0.26%
05-04-2022,"8,854.79",,,,,1.39%
04-04-2022,"8,733.26",,,,,1.27%
01-04-2022,"8,623.79",,,,,1.24%
31-03-2022,"8,518.52",,,,,0.28%
30-03-2022,"8,494.54",,,,,0.83%
29-03-2022,"8,424.21",,,,,0.65%
28-03-2022,"8,369.93",,,,,-0.26%
25-03-2022,"8,391.47",,,,,-0.23%
24-03-2022,"8,410.75",,,,,0.37%
23-03-2022,"8,379.58",,,,,0.48%
22-03-2022,"8,339.20",,,,,0.03%
21-03-2022,"8,336.73",,,,,-0.32%
17-03-2022,"8,363.60",,,,,1.14%
16-03-2022,"8,268.98",,,,,1.94%
15-03-2022,"8,111.65",,,,,-0.67%
14-03-2022,"8,166.49",,,,,0.06%
11-03-2022,"8,161.51",,,,,0.77%
10-03-2022,"8,099.09",,,,,1.13%
09-03-2022,"8,008.82",,,,,2.22%
08-03-2022,"7,835.08",,,,,1.26%
07-03-2022,"7,737.32",,,,,-2.29%
04-03-2022,"7,918.52",,,,,-2.16%
03-03-2022,"8,092.94",,,,,-0.44%
02-03-2022,"8,128.84",,,,,-0.45%
28-02-2022,"8,165.43",,,,,0.82%
25-02-2022,"8,099.19",,,,,3.91%
24-02-2022,"7,794.50",,,,,-5.55%
23-02-2022,"8,252.31",,,,,0.40%
22-02-2022,"8,219.17",,,,,-0.86%
21-02-2022,"8,290.32",,,,,-1.12%
18-02-2022,"8,383.81",,,,,-0.71%
17-02-2022,"8,443.83",,,,,-0.28%
16-02-2022,"8,467.60",,,,,-0.09%
15-02-2022,"8,475.58",,,,,2.56%
14-02-2022,"8,264.25",,,,,-3.86%
11-02-2022,"8,596.28",,,,,-1.87%
10-02-2022,"8,760.35",,,,,0.28%
09-02-2022,"8,735.96",,,,,1.00%
08-02-2022,"8,649.04",,,,,-0.68%
07-02-2022,"8,708.04",,,,,-0.83%
04-02-2022,"8,781.02",,,,,-0.69%
03-02-2022,"8,841.63",,,,,-0.96%
02-02-2022,"8,927.44",,,,,1.08%
01-02-2022,"8,831.68",,,,,1.14%
31-01-2022,"8,732.26",,,,,1.52%
28-01-2022,"8,601.22",,,,,1.27%
27-01-2022,"8,493.22",,,,,-1.05%
25-01-2022,"8,583.54",,,,,0.77%
24-01-2022,"8,518.24",,,,,-3.68%
21-01-2022,"8,843.48",,,,,-2.18%
20-01-2022,"9,040.30",,,,,-0.19%
19-01-2022,"9,057.88",,,,,0.02%
18-01-2022,"9,056.13",,,,,-1.90%
17-01-2022,"9,231.47",,,,,0.39%
14-01-2022,"9,195.88",,,,,-0.02%
13-01-2022,"9,197.58",,,,,0.51%
12-01-2022,"9,151.08",,,,,1.21%
11-01-2022,"9,041.61",,,,,0.12%
10-01-2022,"9,030.40",,,,,0.78%
07-01-2022,"8,960.54",,,,,0.52%
06-01-2022,"8,914.29",,,,,-0.09%
05-01-2022,"8,922.59",,,,,0.16%
04-01-2022,"8,908.72",,,,,0.16%
03-01-2022,"8,894.80",,,,,1.18%
31-12-2021,"8,791.12",,,,,1.28%
30-12-2021,"8,679.86",,,,,-0.19%
29-12-2021,"8,696.57",,,,,0.14%
28-12-2021,"8,684.28",,,,,1.13%
27-12-2021,"8,587.45",,,,,0.33%
24-12-2021,"8,558.93",,,,,-0.97%
23-12-2021,"8,642.86",,,,,0.80%
22-12-2021,"8,573.86",,,,,1.51%
21-12-2021,"8,446.34",,,,,1.44%
20-12-2021,"8,326.60",,,,,-3.38%
17-12-2021,"8,617.79",,,,,-2.39%
16-12-2021,"8,828.57",,,,,-0.59%
15-12-2021,"8,880.95",,,,,-0.59%
14-12-2021,"8,933.72",,,,,-0.37%
13-12-2021,"8,966.67",,,,,-0.14%
10-12-2021,"8,978.87",,,,,0.62%
09-12-2021,"8,923.13",,,,,0.44%
08-12-2021,"8,884.04",,,,,1.47%
07-12-2021,"8,755.71",,,,,1.21%
06-12-2021,"8,651.05",,,,,-1.39%
03-12-2021,"8,772.78",,,,,-0.13%
02-12-2021,"8,784.25",,,,,1.14%
01-12-2021,"8,685.06",,,,,0.77%
30-11-2021,"8,618.83",,,,,0.59%
29-11-2021,"8,568.57",,,,,-0.99%
26-11-2021,"8,653.99",,,,,-3.03%
25-11-2021,"8,924.26",,,,,0.63%
24-11-2021,"8,868.26",,,,,-0.27%
23-11-2021,"8,892.64",,,,,1.59%
22-11-2021,"8,753.46",,,,,-2.90%
18-11-2021,"9,014.65",,,,,-1.60%
17-11-2021,"9,161.02",,,,,-0.09%
16-11-2021,"9,169.65",,,,,-0.19%
15-11-2021,"9,187.45",,,,,0.50%
12-11-2021,"9,142.11",,,,,0.61%
11-11-2021,"9,086.95",,,,,-0.76%
10-11-2021,"9,156.18",,,,,-0.50%
09-11-2021,"9,202.55",,,,,0.88%
08-11-2021,"9,122.56",,,,,1.02%
04-11-2021,"9,030.50",,,,,0.91%
03-11-2021,"8,948.92",,,,,-0.18%
02-11-2021,"8,965.14",,,,,0.79%
01-11-2021,"8,894.90",,,,,1.64%
29-10-2021,"8,751.78",,,,,-0.17%
28-10-2021,"8,766.28",,,,,-1.47%
27-10-2021,"8,897.41",,,,,-0.06%
26-10-2021,"8,902.35",,,,,1.93%
25-10-2021,"8,733.45",,,,,-1.59%
22-10-2021,"8,874.83",,,,,-0.93%
21-10-2021,"8,958.49",,,,,-0.48%
20-10-2021,"9,001.73",,,,,-2.28%
19-10-2021,"9,211.50",,,,,-1.92%
18-10-2021,"9,391.47",,,,,1.06%
14-10-2021,"9,293.40",,,,,0.47%
13-10-2021,"9,249.63",,,,,1.45%
12-10-2021,"9,117.09",,,,,0.48%
11-10-2021,"9,073.09",,,,,0.38%
08-10-2021,"9,038.57",,,,,0.51%
07-10-2021,"8,992.73",,,,,1.83%
06-10-2021,"8,831.18",,,,,-0.88%
05-10-2021,"8,909.75",,,,,0.37%
04-10-2021,"8,876.98",,,,,1.65%
01-10-2021,"8,732.84",,,,,0.06%
30-09-2021,"8,727.19",,,,,0.42%
29-09-2021,"8,690.89",,,,,0.90%
28-09-2021,"8,613.44",,,,,-0.91%
27-09-2021,"8,692.62",,,,,-0.13%
24-09-2021,"8,704.27",,,,,-0.85%
23-09-2021,"8,779.00",,,,,1.35%
22-09-2021,"8,661.85",,,,,1.49%
21-09-2021,"8,534.40",,,,,0.53%
20-09-2021,"8,489.63",,,,,-1.84%
17-09-2021,"8,648.86",,,,,-1.28%
16-09-2021,"8,760.60",,,,,0.45%
15-09-2021,"8,721.57",,,,,0.90%
14-09-2021,"8,643.61",,,,,1.11%
13-09-2021,"8,548.52",,,,,0.48%
09-09-2021,"8,507.35",,,,,0.32%
08-09-2021,"8,480.30",,,,,0.22%
07-09-2021,"8,462.01",,,,,-0.22%
06-09-2021,"8,480.46",,,,,0.49%
03-09-2021,"8,439.03",,,,,0.27%
02-09-2021,"8,416.47",,,,,0.96%
01-09-2021,"8,336.33",,,,,0.56%
31-08-2021,"8,290.24",,,,,0.74%
30-08-2021,"8,229.70",,,,,1.69%
27-08-2021,"8,092.64",,,,,0.97%
26-08-2021,"8,014.59",,,,,0.05%
25-08-2021,"8,010.91",,,,,0.29%
24-08-2021,"7,987.67",,,,,1.15%
23-08-2021,"7,897.21",,,,,-1.06%
20-08-2021,"7,981.97",,,,,-1.95%
18-08-2021,"8,141.10",,,,,0.11%
17-08-2021,"8,132.50",,,,,0.71%
16-08-2021,"8,075.06",,,,,-0.19%
13-08-2021,"8,090.23",,,,,-0.23%
12-08-2021,"8,109.18",,,,,1.13%
11-08-2021,"8,018.70",,,,,-0.50%
10-08-2021,"8,059.20",,,,,-1.04%
09-08-2021,"8,143.72",,,,,-0.69%
06-08-2021,"8,200.31",,,,,0.03%
05-08-2021,"8,198.22",,,,,0.00%
04-08-2021,"8,197.83",,,,,-0.96%
03-08-2021,"8,277.51",,,,,0.30%
02-08-2021,"8,252.62",,,,,1.33%
30-07-2021,"8,144.61",,,,,1.01%
29-07-2021,"8,063.34",,,,,0.77%
28-07-2021,"8,001.36",,,,,-0.46%
27-07-2021,"8,038.24",,,,,-0.49%
26-07-2021,"8,077.45",,,,,0.05%
23-07-2021,"8,073.24",,,,,0.08%
22-07-2021,"8,066.85",,,,,1.22%
20-07-2021,"7,969.81",,,,,-1.29%
19-07-2021,"8,074.09",,,,,-0.55%
16-07-2021,"8,118.71",,,,,0.34%
15-07-2021,"8,091.35",,,,,0.26%
14-07-2021,"8,070.05",,,,,0.30%
13-07-2021,"8,045.55",,,,,0.31%
12-07-2021,"8,021.07",,,,,0.37%
09-07-2021,"7,991.75",,,,,0.52%
08-07-2021,"7,950.11",,,,,-0.51%
07-07-2021,"7,990.77",,,,,0.53%
06-07-2021,"7,948.33",,,,,0.01%
05-07-2021,"7,947.61",,,,,0.51%
02-07-2021,"7,907.65",,,,,0.82%
01-07-2021,"7,843.00",,,,,-0.07%
30-06-2021,"7,848.75",,,,,0.35%
29-06-2021,"7,821.55",,,,,-0.32%
28-06-2021,"7,846.33",,,,,0.67%
25-06-2021,"7,794.39",,,,,1.18%
24-06-2021,"7,703.70",,,,,-0.29%
23-06-2021,"7,726.16",,,,,-0.13%
22-06-2021,"7,735.91",,,,,0.08%
21-06-2021,"7,729.40",,,,,0.54%
18-06-2021,"7,687.95",,,,,-0.68%
17-06-2021,"7,740.46",,,,,-1.19%
16-06-2021,"7,834.00",,,,,-1.03%
15-06-2021,"7,915.66",,,,,0.47%
14-06-2021,"7,878.98",,,,,-0.39%
11-06-2021,"7,909.62",,,,,0.20%
10-06-2021,"7,893.94",,,,,1.47%
09-06-2021,"7,779.68",,,,,-0.78%
08-06-2021,"7,840.73",,,,,0.69%
07-06-2021,"7,786.97",,,,,1.01%
04-06-2021,"7,709.00",,,,,0.76%
03-06-2021,"7,650.53",,,,,1.07%
02-06-2021,"7,569.35",,,,,1.62%
01-06-2021,"7,448.86",,,,,0.02%
31-05-2021,"7,447.20",,,,,0.42%
28-05-2021,"7,416.10",,,,,-0.14%
27-05-2021,"7,426.34",,,,,0.48%
26-05-2021,"7,390.82",,,,,0.29%
25-05-2021,"7,369.47",,,,,-0.12%
24-05-2021,"7,378.41",,,,,0.61%
21-05-2021,"7,333.59",,,,,0.77%
20-05-2021,"7,277.67",,,,,-0.16%
19-05-2021,"7,289.03",,,,,0.08%
18-05-2021,"7,283.47",,,,,1.63%
17-05-2021,"7,166.38",,,,,1.77%
14-05-2021,"7,041.49",,,,,-1.56%
12-05-2021,"7,152.96",,,,,-0.68%
11-05-2021,"7,201.78",,,,,0.68%
10-05-2021,"7,153.42",,,,,0.69%
07-05-2021,"7,104.69",,,,,-0.30%
06-05-2021,"7,125.93",,,,,0.79%
05-05-2021,"7,070.37",,,,,0.93%
04-05-2021,"7,005.43",,,,,-0.37%
03-05-2021,"7,031.60",,,,,0.62%
30-04-2021,"6,988.27",,,,,-0.60%
29-04-2021,"7,030.53",,,,,-0.17%
28-04-2021,"7,042.69",,,,,0.98%
27-04-2021,"6,974.07",,,,,1.38%
26-04-2021,"6,879.36",,,,,0.72%
23-04-2021,"6,830.44",,,,,0.23%
22-04-2021,"6,814.55",,,,,0.36%
20-04-2021,"6,790.41",,,,,0.44%
19-04-2021,"6,760.38",,,,,-1.81%
16-04-2021,"6,884.95",,,,,1.16%
15-04-2021,"6,806.01",,,,,0.05%
13-04-2021,"6,802.35",,,,,1.55%
12-04-2021,"6,698.51",,,,,-5.31%
09-04-2021,"7,074.19",,,,,0.24%
08-04-2021,"7,057.01",,,,,0.46%
07-04-2021,"7,024.55",,,,,1.17%
06-04-2021,"6,943.46",,,,,0.79%
05-04-2021,"6,889.28",,,,,-1.39%
01-04-2021,"6,986.11",,,,,1.66%
31-03-2021,"6,872.06",,,,,0.29%
30-03-2021,"6,851.93",,,,,1.58%
26-03-2021,"6,745.22",,,,,1.52%
25-03-2021,"6,644.03",,,,,-1.79%
24-03-2021,"6,764.82",,,,,-1.73%
23-03-2021,"6,883.62",,,,,0.73%
22-03-2021,"6,833.91",,,,,0.73%
19-03-2021,"6,784.55",,,,,0.98%
18-03-2021,"6,718.87",,,,,-1.25%
17-03-2021,"6,804.01",,,,,-2.15%
16-03-2021,"6,953.51",,,,,0.28%
15-03-2021,"6,934.08",,,,,-0.62%
12-03-2021,"6,977.05",,,,,-0.27%
10-03-2021,"6,996.07",,,,,0.87%
09-03-2021,"6,935.86",,,,,-0.29%
08-03-2021,"6,956.13",,,,,0.44%
05-03-2021,"6,925.32",,,,,-1.95%
04-03-2021,"7,063.20",,,,,0.55%
03-03-2021,"7,024.73",,,,,1.49%
02-03-2021,"6,921.28",,,,,1.56%
01-03-2021,"6,814.66",,,,,1.56%
26-02-2021,"6,709.77",,,,,-1.35%
25-02-2021,"6,801.43",,,,,1.27%
24-02-2021,"6,716.23",,,,,0.94%
23-02-2021,"6,653.61",,,,,0.89%
22-02-2021,"6,595.00",,,,,-1.28%
19-02-2021,"6,680.65",,,,,-1.47%
18-02-2021,"6,780.36",,,,,0.62%
17-02-2021,"6,738.25",,,,,0.36%
16-02-2021,"6,714.37",,,,,0.55%
15-02-2021,"6,677.74",,,,,1.18%
12-02-2021,"6,600.02",,,,,-0.10%
11-02-2021,"6,606.84",,,,,0.32%
10-02-2021,"6,585.68",,,,,0.80%
09-02-2021,"6,533.54",,,,,-0.10%
08-02-2021,"6,540.20",,,,,1.48%
05-02-2021,"6,444.88",,,,,-0.97%
04-02-2021,"6,508.13",,,,,1.45%
03-02-2021,"6,414.96",,,,,1.50%
02-02-2021,"6,319.99",,,,,2.27%
01-02-2021,"6,179.57",,,,,2.89%
29-01-2021,"6,006.27",,,,,-0.34%
28-01-2021,"6,026.63",,,,,-0.66%
27-01-2021,"6,066.46",,,,,-1.30%
25-01-2021,"6,146.35",,,,,-0.94%
22-01-2021,"6,204.70",,,,,-1.32%
21-01-2021,"6,287.40",,,,,-0.99%
20-01-2021,"6,350.26",,,,,0.96%
19-01-2021,"6,289.65",,,,,2.14%
18-01-2021,"6,158.12",,,,,-1.91%
15-01-2021,"6,277.80",,,,,-1.02%
14-01-2021,"6,342.54",,,,,0.21%
13-01-2021,"6,329.10",,,,,-0.52%
12-01-2021,"6,362.40",,,,,0.61%
11-01-2021,"6,324.01",,,,,-0.30%
08-01-2021,"6,342.91",,,,,0.94%
07-01-2021,"6,284.12",,,,,1.34%
06-01-2021,"6,200.91",,,,,0.42%
05-01-2021,"6,174.77",,,,,0.77%
04-01-2021,"6,127.37",,,,,1.50%
01-01-2021,"6,037.01",,,,,1.24%
31-12-2020,"5,963.31",,,,,0.37%
30-12-2020,"5,941.50",,,,,0.39%
29-12-2020,"5,918.53",,,,,-0.09%
28-12-2020,"5,923.73",,,,,1.07%
24-12-2020,"5,860.97",,,,,0.31%
23-12-2020,"5,843.04",,,,,2.31%
22-12-2020,"5,710.97",,,,,0.80%
21-12-2020,"5,665.74",,,,,-4.34%
18-12-2020,"5,922.70",,,,,-0.33%
17-12-2020,"5,942.46",,,,,-0.09%
16-12-2020,"5,947.60",,,,,1.14%
15-12-2020,"5,880.56",,,,,0.12%
14-12-2020,"5,873.36",,,,,0.53%
11-12-2020,"5,842.12",,,,,0.33%
10-12-2020,"5,823.17",,,,,-0.84%
09-12-2020,"5,872.62",,,,,0.22%
08-12-2020,"5,859.50",,,,,-0.15%
07-12-2020,"5,868.21",,,,,0.73%
04-12-2020,"5,825.72",,,,,0.45%
03-12-2020,"5,799.74",,,,,0.53%
02-12-2020,"5,769.23",,,,,0.68%
01-12-2020,"5,730.51",,,,,0.79%
27-11-2020,"5,685.62",,,,,2.27%
26-11-2020,"5,559.45",,,,,0.69%
25-11-2020,"5,521.44",,,,,-1.76%
24-11-2020,"5,620.42",,,,,0.77%
23-11-2020,"5,577.63",,,,,1.13%
20-11-2020,"5,515.11",,,,,0.97%
19-11-2020,"5,461.98",,,,,-0.48%
18-11-2020,"5,488.50",,,,,1.25%
17-11-2020,"5,420.76",,,,,1.38%
14-11-2020,"5,347.01",,,,,0.65%
13-11-2020,"5,312.51",,,,,1.00%
12-11-2020,"5,260.02",,,,,0.73%
11-11-2020,"5,222.13",,,,,0.24%
10-11-2020,"5,209.41",,,,,-0.24%
09-11-2020,"5,222.11",,,,,1.05%
06-11-2020,"5,167.71",,,,,0.52%
05-11-2020,"5,141.02",,,,,1.69%
04-11-2020,"5,055.47",,,,,0.47%
03-11-2020,"5,031.89",,,,,0.43%
02-11-2020,"5,010.58",,,,,0.17%
30-10-2020,"5,002.06",,,,,0.44%
29-10-2020,"4,980.11",,,,,-0.20%
28-10-2020,"4,989.99",,,,,-0.71%
27-10-2020,"5,025.67",,,,,1.40%
26-10-2020,"4,956.42",,,,,-1.30%
23-10-2020,"5,021.92",,,,,0.59%
22-10-2020,"4,992.42",,,,,0.65%
21-10-2020,"4,960.00",,,,,0.09%
20-10-2020,"4,955.52",,,,,0.44%
19-10-2020,"4,933.98",,,,,0.67%
16-10-2020,"4,901.07",,,,,1.03%
15-10-2020,"4,850.99",,,,,-1.50%
14-10-2020,"4,924.86",,,,,-0.03%
13-10-2020,"4,926.45",,,,,-0.25%
12-10-2020,"4,939.00",,,,,-0.47%
09-10-2020,"4,962.12",,,,,-0.35%
08-10-2020,"4,979.50",,,,,-0.16%
07-10-2020,"4,987.32",,,,,-0.47%
06-10-2020,"5,010.66",,,,,0.49%
05-10-2020,"4,986.27",,,,,-0.08%
01-10-2020,"4,990.02",,,,,0.60%
30-09-2020,"4,960.37",,,,,0.10%
29-09-2020,"4,955.36",,,,,0.04%
28-09-2020,"4,953.34",,,,,2.54%
25-09-2020,"4,830.83",,,,,2.57%
24-09-2020,"4,709.91",,,,,-2.11%
23-09-2020,"4,811.59",,,,,-0.27%
22-09-2020,"4,824.80",,,,,-1.52%
21-09-2020,"4,899.27",,,,,-3.48%
18-09-2020,"5,075.92",,,,,-0.21%
17-09-2020,"5,086.44",,,,,-0.38%
16-09-2020,"5,105.93",,,,,0.33%
15-09-2020,"5,089.18",,,,,1.24%
14-09-2020,"5,026.81",,,,,2.59%
11-09-2020,"4,899.91",,,,,0.62%
10-09-2020,"4,869.84",,,,,1.01%
09-09-2020,"4,821.31",,,,,-0.48%
08-09-2020,"4,844.68",,,,,-1.32%
07-09-2020,"4,909.40",,,,,-0.65%
04-09-2020,"4,941.46",,,,,-1.52%
03-09-2020,"5,017.58",,,,,0.84%
02-09-2020,"4,975.82",,,,,1.54%
01-09-2020,"4,900.22",,,,,0.79%
31-08-2020,"4,861.72",,,,,-3.65%
28-08-2020,"5,045.83",,,,,0.41%
27-08-2020,"5,025.23",,,,,0.14%
26-08-2020,"5,017.98",,,,,0.38%
25-08-2020,"4,998.97",,,,,0.43%
24-08-2020,"4,977.41",,,,,0.95%
21-08-2020,"4,930.33",,,,,0.76%
20-08-2020,"4,893.21",,,,,0.68%
19-08-2020,"4,860.10",,,,,0.78%
18-08-2020,"4,822.48",,,,,1.28%
17-08-2020,"4,761.53",,,,,0.55%
14-08-2020,"4,735.40",,,,,-0.76%
13-08-2020,"4,771.48",,,,,1.55%
12-08-2020,"4,698.53",,,,,-0.05%
11-08-2020,"4,700.81",,,,,-0.35%
10-08-2020,"4,717.47",,,,,1.02%
07-08-2020,"4,669.66",,,,,1.31%
06-08-2020,"4,609.22",,,,,1.04%
05-08-2020,"4,561.88",,,,,0.39%
04-08-2020,"4,544.08",,,,,0.98%
03-08-2020,"4,500.14",,,,,0.13%
31-07-2020,"4,494.37",,,,,0.42%
30-07-2020,"4,475.78",,,,,-0.68%
29-07-2020,"4,506.52",,,,,0.56%
28-07-2020,"4,481.39",,,,,0.75%
27-07-2020,"4,447.84",,,,,-1.05%
24-07-2020,"4,495.08",,,,,-0.31%
23-07-2020,"4,509.13",,,,,0.68%
22-07-2020,"4,478.69",,,,,0.07%
21-07-2020,"4,475.78",,,,,0.02%
20-07-2020,"4,475.04",,,,,0.97%
17-07-2020,"4,432.20",,,,,1.25%
16-07-2020,"4,377.32",,,,,0.48%
15-07-2020,"4,356.59",,,,,-0.28%
14-07-2020,"4,368.98",,,,,-1.20%
13-07-2020,"4,422.10",,,,,-0.18%
10-07-2020,"4,430.03",,,,,-0.60%
09-07-2020,"4,456.85",,,,,0.26%
08-07-2020,"4,445.29",,,,,-0.67%
07-07-2020,"4,475.15",,,,,0.47%
06-07-2020,"4,454.32",,,,,1.47%
03-07-2020,"4,389.85",,,,,0.63%
02-07-2020,"4,362.39",,,,,1.12%
01-07-2020,"4,313.88",,,,,0.28%
30-06-2020,"4,301.90",,,,,-0.38%
29-06-2020,"4,318.28",,,,,-1.51%
26-06-2020,"4,384.44",,,,,0.03%
25-06-2020,"4,383.01",,,,,1.03%
24-06-2020,"4,338.16",,,,,-1.10%
23-06-2020,"4,386.41",,,,,1.45%
22-06-2020,"4,323.62",,,,,1.73%
19-06-2020,"4,250.08",,,,,1.25%
18-06-2020,"4,197.46",,,,,1.11%
17-06-2020,"4,151.54",,,,,0.35%
16-06-2020,"4,136.88",,,,,0.41%
15-06-2020,"4,120.13",,,,,-0.85%
12-06-2020,"4,155.33",,,,,0.71%
11-06-2020,"4,126.10",,,,,-1.28%
10-06-2020,"4,179.61",,,,,1.08%
09-06-2020,"4,135.12",,,,,-0.50%
08-06-2020,"4,155.87",,,,,0.32%
05-06-2020,"4,142.69",,,,,1.65%
04-06-2020,"4,075.40",,,,,-0.12%
03-06-2020,"4,080.29",,,,,0.55%
02-06-2020,"4,058.11",,,,,1.44%
01-06-2020,"4,000.64",,,,,2.83%
29-05-2020,"3,890.65",,,,,1.35%
28-05-2020,"3,838.77",,,,,1.44%
27-05-2020,"3,784.16",,,,,0.27%
26-05-2020,"3,773.88",,,,,1.22%
22-05-2020,"3,728.52",,,,,-0.36%
21-05-2020,"3,742.05",,,,,0.72%
20-05-2020,"3,715.13",,,,,1.37%
19-05-2020,"3,664.75",,,,,0.39%
18-05-2020,"3,650.67",,,,,-3.67%
15-05-2020,"3,789.77",,,,,-0.27%
14-05-2020,"3,800.12",,,,,-0.46%
13-05-2020,"3,817.62",,,,,1.81%
12-05-2020,"3,749.70",,,,,-0.70%
11-05-2020,"3,776.03",,,,,0.51%
08-05-2020,"3,756.86",,,,,-0.23%
07-05-2020,"3,765.58",,,,,-0.42%
06-05-2020,"3,781.41",,,,,0.82%
05-05-2020,"3,750.73",,,,,-0.66%
04-05-2020,"3,775.70",,,,,-3.97%
30-04-2020,"3,931.93",,,,,1.78%
29-04-2020,"3,863.25",,,,,1.25%
28-04-2020,"3,815.55",,,,,0.90%
27-04-2020,"3,781.41",,,,,1.83%
24-04-2020,"3,713.35",,,,,-1.66%
23-04-2020,"3,776.12",,,,,1.19%
22-04-2020,"3,731.78",,,,,0.83%
21-04-2020,"3,701.04",,,,,-2.91%
20-04-2020,"3,811.91",,,,,0.40%
17-04-2020,"3,796.75",,,,,2.17%
16-04-2020,"3,716.15",,,,,1.52%
15-04-2020,"3,660.40",,,,,1.38%
13-04-2020,"3,610.55",,,,,-1.07%
09-04-2020,"3,649.53",,,,,2.91%
08-04-2020,"3,546.47",,,,,1.63%
07-04-2020,"3,489.42",,,,,5.13%
03-04-2020,"3,319.09",,,,,-1.41%
01-04-2020,"3,366.53",,,,,-1.82%
31-03-2020,"3,428.81",,,,,2.34%
30-03-2020,"3,350.32",,,,,-2.02%
27-03-2020,"3,419.46",,,,,-0.88%
26-03-2020,"3,449.71",,,,,3.40%
25-03-2020,"3,336.16",,,,,3.58%
24-03-2020,"3,220.75",,,,,1.57%
23-03-2020,"3,170.86",,,,,-12.86%
20-03-2020,"3,638.61",,,,,4.49%
19-03-2020,"3,482.40",,,,,-3.76%
18-03-2020,"3,618.48",,,,,-5.07%
17-03-2020,"3,811.71",,,,,-2.26%
16-03-2020,"3,899.79",,,,,-5.98%
13-03-2020,"4,147.99",,,,,2.25%
12-03-2020,"4,056.81",,,,,-7.81%
11-03-2020,"4,400.29",,,,,-0.69%
09-03-2020,"4,431.06",,,,,-4.26%
06-03-2020,"4,628.34",,,,,-1.98%
05-03-2020,"4,721.98",,,,,0.20%
04-03-2020,"4,712.77",,,,,-1.52%
03-03-2020,"4,785.72",,,,,1.77%
02-03-2020,"4,702.51",,,,,-0.61%
28-02-2020,"4,731.44",,,,,-3.09%
27-02-2020,"4,882.22",,,,,-0.75%
26-02-2020,"4,918.88",,,,,-1.25%
25-02-2020,"4,981.26",,,,,-0.51%
24-02-2020,"5,006.89",,,,,-1.74%
20-02-2020,"5,095.43",,,,,0.59%
19-02-2020,"5,065.67",,,,,1.46%
18-02-2020,"4,992.89",,,,,-0.58%
17-02-2020,"5,022.23",,,,,-0.78%
14-02-2020,"5,061.85",,,,,-0.68%
13-02-2020,"5,096.41",,,,,-0.16%
12-02-2020,"5,104.58",,,,,-0.01%
11-02-2020,"5,105.33",,,,,-0.14%
10-02-2020,"5,112.55",,,,,-0.68%
07-02-2020,"5,147.72",,,,,0.79%
06-02-2020,"5,107.43",,,,,0.52%
05-02-2020,"5,080.80",,,,,1.04%
04-02-2020,"5,028.54",,,,,1.03%
03-02-2020,"4,977.46",,,,,1.07%
01-02-2020,"4,924.76",,,,,-2.21%
31-01-2020,"5,036.11",,,,,-0.29%
30-01-2020,"5,050.97",,,,,-0.79%
29-01-2020,"5,090.96",,,,,0.11%
28-01-2020,"5,085.19",,,,,-0.35%
27-01-2020,"5,102.84",,,,,-0.02%
24-01-2020,"5,103.94",,,,,0.79%
23-01-2020,"5,064.09",,,,,1.19%
22-01-2020,"5,004.71",,,,,-0.20%
21-01-2020,"5,014.82",,,,,-0.13%
20-01-2020,"5,021.46",,,,,-0.41%
17-01-2020,"5,041.89",,,,,0.53%
16-01-2020,"5,015.13",,,,,0.76%
15-01-2020,"4,977.09",,,,,0.91%
14-01-2020,"4,932.13",,,,,0.72%
13-01-2020,"4,896.91",,,,,0.63%
10-01-2020,"4,866.35",,,,,0.33%
09-01-2020,"4,850.46",,,,,1.40%
08-01-2020,"4,783.50",,,,,0.23%
07-01-2020,"4,772.53",,,,,0.80%
06-01-2020,"4,734.61",,,,,-2.00%
03-01-2020,"4,831.21",,,,,-0.36%
02-01-2020,"4,848.75",,,,,1.19%
01-01-2020,"4,791.86",,,,,0.39%
31-12-2019,"4,773.19",,,,,0.16%
30-12-2019,"4,765.33",,,,,0.40%
27-12-2019,"4,746.45",,,,,0.93%
26-12-2019,"4,702.80",,,,,0.14%
24-12-2019,"4,696.26",,,,,-0.08%
23-12-2019,"4,699.82",,,,,-0.10%
20-12-2019,"4,704.70",,,,,0.02%
19-12-2019,"4,703.61",,,,,0.22%
18-12-2019,"4,693.51",,,,,-0.33%
17-12-2019,"4,708.99",,,,,0.46%
16-12-2019,"4,687.47",,,,,-0.42%
13-12-2019,"4,707.02",,,,,0.90%
12-12-2019,"4,664.95",,,,,0.65%
11-12-2019,"4,635.05",,,,,0.55%
10-12-2019,"4,609.51",,,,,-0.98%
09-12-2019,"4,655.19",,,,,-0.08%
06-12-2019,"4,658.70",,,,,-1.20%
05-12-2019,"4,715.51",,,,,-0.29%
04-12-2019,"4,729.06",,,,,0.65%
03-12-2019,"4,698.55",,,,,-0.84%
02-12-2019,"4,738.45",,,,,-0.49%
29-11-2019,"4,761.78",,,,,0.28%
28-11-2019,"4,748.55",,,,,0.90%
27-11-2019,"4,706.37",,,,,0.63%
26-11-2019,"4,677.11",,,,,-0.69%
25-11-2019,"4,709.60",,,,,1.04%
22-11-2019,"4,660.96",,,,,-0.09%
21-11-2019,"4,665.21",,,,,-0.68%
20-11-2019,"4,697.09",,,,,0.18%
19-11-2019,"4,688.65",,,,,0.19%
18-11-2019,"4,679.70",,,,,0.66%
15-11-2019,"4,649.19",,,,,0.32%
14-11-2019,"4,634.52",,,,,0.22%
13-11-2019,"4,624.16",,,,,-0.89%
11-11-2019,"4,665.78",,,,,0.40%
08-11-2019,"4,647.10",,,,,-0.57%
07-11-2019,"4,673.58",,,,,0.67%
06-11-2019,"4,642.28",,,,,-0.08%
05-11-2019,"4,646.20",,,,,-0.95%
04-11-2019,"4,690.61",,,,,-0.14%
01-11-2019,"4,697.17",,,,,0.19%
31-10-2019,"4,688.15",,,,,1.48%
30-10-2019,"4,619.87",,,,,0.58%
29-10-2019,"4,593.11",,,,,1.85%
25-10-2019,"4,509.81",,,,,-0.03%
24-10-2019,"4,511.10",,,,,-0.10%
23-10-2019,"4,515.82",,,,,0.17%
22-10-2019,"4,508.06",,,,,0.10%
18-10-2019,"4,503.60",,,,,1.71%
17-10-2019,"4,427.73",,,,,1.56%
16-10-2019,"4,359.60",,,,,0.12%
15-10-2019,"4,354.45",,,,,0.36%
14-10-2019,"4,338.91",,,,,0.32%
11-10-2019,"4,324.94",,,,,0.39%
10-10-2019,"4,308.14",,,,,-0.95%
09-10-2019,"4,349.38",,,,,1.09%
07-10-2019,"4,302.29",,,,,-0.32%
04-10-2019,"4,316.26",,,,,-0.74%
03-10-2019,"4,348.57",,,,,-0.24%
01-10-2019,"4,359.01",,,,,-1.68%
30-09-2019,"4,433.53",,,,,-1.13%
27-09-2019,"4,484.40",,,,,-0.73%
26-09-2019,"4,517.19",,,,,0.76%
25-09-2019,"4,483.33",,,,,-1.55%
24-09-2019,"4,554.06",,,,,-0.40%
23-09-2019,"4,572.41",,,,,2.53%
20-09-2019,"4,459.51",,,,,5.66%
19-09-2019,"4,220.44",,,,,-1.31%
18-09-2019,"4,276.46",,,,,0.46%
17-09-2019,"4,256.93",,,,,-1.74%
16-09-2019,"4,332.44",,,,,0.04%
13-09-2019,"4,330.66",,,,,0.58%
12-09-2019,"4,305.86",,,,,-0.24%
11-09-2019,"4,316.17",,,,,0.86%
09-09-2019,"4,279.39",,,,,1.01%
06-09-2019,"4,236.40",,,,,0.71%
05-09-2019,"4,206.68",,,,,0.34%
04-09-2019,"4,192.59",,,,,0.17%
03-09-2019,"4,185.35",,,,,-1.54%
30-08-2019,"4,250.87",,,,,1.06%
29-08-2019,"4,206.13",,,,,-0.40%
28-08-2019,"4,222.83",,,,,-0.80%
27-08-2019,"4,257.02",,,,,0.87%
26-08-2019,"4,220.21",,,,,1.30%
23-08-2019,"4,165.93",,,,,0.76%
22-08-2019,"4,134.52",,,,,-1.53%
21-08-2019,"4,198.72",,,,,-1.35%
20-08-2019,"4,256.35",,,,,-0.68%
19-08-2019,"4,285.63",,,,,0.34%
16-08-2019,"4,271.23",,,,,0.30%
14-08-2019,"4,258.32",,,,,0.80%
13-08-2019,"4,224.58",,,,,-1.65%
09-08-2019,"4,295.50",,,,,0.63%
08-08-2019,"4,268.59",,,,,0.72%
07-08-2019,"4,237.92",,,,,-0.42%
06-08-2019,"4,255.82",,,,,1.73%
05-08-2019,"4,183.54",,,,,-1.26%
02-08-2019,"4,236.83",,,,,-0.10%
01-08-2019,"4,240.98",,,,,-0.82%
31-07-2019,"4,275.86",,,,,0.85%
30-07-2019,"4,239.87",,,,,-1.68%
29-07-2019,"4,312.48",,,,,-0.73%
26-07-2019,"4,344.17",,,,,0.42%
25-07-2019,"4,326.10",,,,,0.41%
24-07-2019,"4,308.42",,,,,-1.33%
23-07-2019,"4,366.37",,,,,-0.33%
22-07-2019,"4,380.66",,,,,-0.65%
19-07-2019,"4,409.23",,,,,-1.89%
18-07-2019,"4,494.30",,,,,-1.26%
17-07-2019,"4,551.82",,,,,-0.32%
16-07-2019,"4,566.63",,,,,0.63%
15-07-2019,"4,538.00",,,,,-0.57%
12-07-2019,"4,564.20",,,,,0.35%
11-07-2019,"4,548.40",,,,,0.67%
10-07-2019,"4,518.19",,,,,-0.62%
09-07-2019,"4,546.41",,,,,0.14%
08-07-2019,"4,540.03",,,,,-2.32%
05-07-2019,"4,647.64",,,,,-1.40%
04-07-2019,"4,713.65",,,,,-0.14%
03-07-2019,"4,720.26",,,,,0.13%
02-07-2019,"4,714.24",,,,,0.27%
01-07-2019,"4,701.45",,,,,0.32%
28-06-2019,"4,686.56",,,,,-0.03%
27-06-2019,"4,688.08",,,,,0.46%
26-06-2019,"4,666.80",,,,,0.67%
25-06-2019,"4,635.83",,,,,0.67%
24-06-2019,"4,605.01",,,,,-0.29%
21-06-2019,"4,618.47",,,,,-0.02%
20-06-2019,"4,619.22",,,,,1.45%
19-06-2019,"4,553.04",,,,,-1.01%
18-06-2019,"4,599.41",,,,,-0.10%
17-06-2019,"4,603.91",,,,,-1.14%
14-06-2019,"4,657.00",,,,,-0.89%
13-06-2019,"4,699.03",,,,,-0.44%
12-06-2019,"4,719.56",,,,,-0.70%
11-06-2019,"4,752.83",,,,,0.72%
10-06-2019,"4,718.96",,,,,0.03%
07-06-2019,"4,717.62",,,,,-0.08%
06-06-2019,"4,721.36",,,,,-1.71%
04-06-2019,"4,803.50",,,,,-0.17%
03-06-2019,"4,811.73",,,,,1.08%
31-05-2019,"4,760.31",,,,,-0.03%
30-05-2019,"4,761.78",,,,,0.45%
29-05-2019,"4,740.37",,,,,-0.71%
28-05-2019,"4,774.36",,,,,0.04%
27-05-2019,"4,772.31",,,,,1.48%
24-05-2019,"4,702.92",,,,,2.05%
23-05-2019,"4,608.37",,,,,-0.11%
22-05-2019,"4,613.55",,,,,0.11%
21-05-2019,"4,608.31",,,,,-0.82%
20-05-2019,"4,646.50",,,,,3.40%
17-05-2019,"4,493.87",,,,,0.94%
16-05-2019,"4,452.11",,,,,0.30%
15-05-2019,"4,438.83",,,,,-0.62%
14-05-2019,"4,466.39",,,,,0.43%
13-05-2019,"4,447.07",,,,,-2.05%
10-05-2019,"4,540.16",,,,,0.37%
09-05-2019,"4,523.63",,,,,-0.25%
08-05-2019,"4,534.97",,,,,-0.95%
07-05-2019,"4,578.44",,,,,-0.99%
06-05-2019,"4,623.99",,,,,-0.77%
03-05-2019,"4,659.67",,,,,-0.13%
02-05-2019,"4,665.56",,,,,-0.49%
30-04-2019,"4,688.38",,,,,-1.01%
26-04-2019,"4,736.03",,,,,-0.43%
25-04-2019,"4,756.35",,,,,-0.35%
24-04-2019,"4,772.82",,,,,0.35%
23-04-2019,"4,756.30",,,,,0.03%
22-04-2019,"4,754.91",,,,,-1.63%
18-04-2019,"4,833.57",,,,,-0.90%
16-04-2019,"4,877.45",,,,,0.23%
15-04-2019,"4,866.17",,,,,0.54%
12-04-2019,"4,839.85",,,,,0.32%
11-04-2019,"4,824.27",,,,,0.06%
10-04-2019,"4,821.60",,,,,-0.15%
09-04-2019,"4,828.98",,,,,0.09%
08-04-2019,"4,824.79",,,,,-0.68%
05-04-2019,"4,857.94",,,,,0.64%
04-04-2019,"4,827.01",,,,,-0.20%
03-04-2019,"4,836.64",,,,,-0.83%
02-04-2019,"4,876.95",,,,,-0.04%
01-04-2019,"4,879.11",,,,,0.40%
29-03-2019,"4,859.87",,,,,0.91%
28-03-2019,"4,815.91",,,,,0.88%
27-03-2019,"4,773.74",,,,,0.67%
26-03-2019,"4,742.07",,,,,1.01%
25-03-2019,"4,694.59",,,,,-0.76%
22-03-2019,"4,730.58",,,,,-0.45%
20-03-2019,"4,752.06",,,,,-0.37%
19-03-2019,"4,769.65",,,,,0.66%
18-03-2019,"4,738.37",,,,,-0.10%
15-03-2019,"4,743.16",,,,,0.52%
14-03-2019,"4,718.42",,,,,-0.05%
13-03-2019,"4,720.83",,,,,-0.36%
12-03-2019,"4,738.10",,,,,0.69%
11-03-2019,"4,705.49",,,,,1.68%
08-03-2019,"4,627.59",,,,,-0.10%
07-03-2019,"4,632.01",,,,,-0.26%
06-03-2019,"4,644.10",,,,,0.48%
05-03-2019,"4,621.88",,,,,2.21%
01-03-2019,"4,521.89",,,,,1.38%
28-02-2019,"4,460.22",,,,,0.56%
27-02-2019,"4,435.19",,,,,0.36%
26-02-2019,"4,419.12",,,,,-0.24%
25-02-2019,"4,429.81",,,,,0.44%
22-02-2019,"4,410.56",,,,,0.39%
21-02-2019,"4,393.42",,,,,1.01%
20-02-2019,"4,349.44",,,,,0.84%
19-02-2019,"4,313.36",,,,,0.27%
18-02-2019,"4,301.87",,,,,-0.93%
15-02-2019,"4,342.18",,,,,-0.80%
14-02-2019,"4,377.13",,,,,0.44%
13-02-2019,"4,358.09",,,,,-0.27%
12-02-2019,"4,369.74",,,,,-0.09%
11-02-2019,"4,373.62",,,,,-1.57%
08-02-2019,"4,443.23",,,,,-1.29%
07-02-2019,"4,501.22",,,,,0.60%
06-02-2019,"4,474.19",,,,,-0.13%
05-02-2019,"4,479.89",,,,,-0.63%
04-02-2019,"4,508.18",,,,,-0.85%
01-02-2019,"4,546.97",,,,,0.35%
31-01-2019,"4,531.18",,,,,0.58%
30-01-2019,"4,504.92",,,,,0.47%
29-01-2019,"4,483.70",,,,,0.15%
28-01-2019,"4,477.01",,,,,-1.78%
25-01-2019,"4,558.19",,,,,-1.32%
24-01-2019,"4,619.30",,,,,-0.21%
23-01-2019,"4,629.21",,,,,-0.21%
22-01-2019,"4,638.97",,,,,-0.20%
21-01-2019,"4,648.21",,,,,-0.73%
18-01-2019,"4,682.25",,,,,-0.58%
17-01-2019,"4,709.60",,,,,-0.22%
16-01-2019,"4,720.07",,,,,-0.08%
15-01-2019,"4,724.05",,,,,0.53%
14-01-2019,"4,699.35",,,,,-0.46%
11-01-2019,"4,721.04",,,,,-0.15%
10-01-2019,"4,728.22",,,,,0.32%
09-01-2019,"4,713.34",,,,,-0.10%
08-01-2019,"4,717.89",,,,,0.05%
07-01-2019,"4,715.37",,,,,-0.02%
04-01-2019,"4,716.24",,,,,0.39%
03-01-2019,"4,697.76",,,,,-0.74%
02-01-2019,"4,732.77",,,,,-1.09%
01-01-2019,"4,784.93",,,,,0.09%
31-12-2018,"4,780.42",,,,,0.49%
28-12-2018,"4,757.33",,,,,0.96%
27-12-2018,"4,712.14",,,,,0.35%
26-12-2018,"4,695.62",,,,,-0.17%
24-12-2018,"4,703.56",,,,,-0.72%
21-12-2018,"4,737.44",,,,,-1.10%
20-12-2018,"4,790.29",,,,,-0.09%
19-12-2018,"4,794.46",,,,,1.00%
18-12-2018,"4,746.97",,,,,0.34%
17-12-2018,"4,730.88",,,,,0.42%
14-12-2018,"4,711.12",,,,,0.26%
13-12-2018,"4,699.02",,,,,0.74%
12-12-2018,"4,664.60",,,,,2.25%
11-12-2018,"4,561.75",,,,,1.49%
10-12-2018,"4,494.66",,,,,-1.88%
07-12-2018,"4,580.92",,,,,-0.15%
06-12-2018,"4,587.89",,,,,-1.40%
05-12-2018,"4,653.20",,,,,-0.92%
04-12-2018,"4,696.20",,,,,0.20%
03-12-2018,"4,687.05",,,,,0.36%
30-11-2018,"4,670.13",,,,,0.72%
29-11-2018,"4,636.80",,,,,0.41%
28-11-2018,"4,617.97",,,,,-0.41%
27-11-2018,"4,637.14",,,,,0.45%
26-11-2018,"4,616.37",,,,,0.07%
22-11-2018,"4,613.25",,,,,-0.55%
21-11-2018,"4,638.95",,,,,0.23%
20-11-2018,"4,628.33",,,,,-0.78%
19-11-2018,"4,664.49",,,,,0.30%
16-11-2018,"4,650.44",,,,,-0.13%
15-11-2018,"4,656.39",,,,,0.50%
14-11-2018,"4,633.13",,,,,0.11%
13-11-2018,"4,628.24",,,,,0.16%
12-11-2018,"4,620.87",,,,,-0.83%
09-11-2018,"4,659.61",,,,,0.73%
07-11-2018,"4,625.78",,,,,0.88%
06-11-2018,"4,585.46",,,,,-0.61%
05-11-2018,"4,613.61",,,,,-0.27%
02-11-2018,"4,626.28",,,,,0.76%
01-11-2018,"4,591.36",,,,,1.23%
31-10-2018,"4,535.39",,,,,1.49%
30-10-2018,"4,468.89",,,,,0.59%
29-10-2018,"4,442.87",,,,,2.13%
26-10-2018,"4,350.36",,,,,0.06%
25-10-2018,"4,347.54",,,,,-0.60%
24-10-2018,"4,373.66",,,,,0.82%
23-10-2018,"4,338.27",,,,,-0.93%
22-10-2018,"4,378.80",,,,,-1.58%
19-10-2018,"4,449.30",,,,,-1.48%
17-10-2018,"4,516.09",,,,,-2.05%
16-10-2018,"4,610.47",,,,,1.40%
15-10-2018,"4,546.64",,,,,0.54%
12-10-2018,"4,522.08",,,,,2.36%
11-10-2018,"4,417.98",,,,,-1.67%
10-10-2018,"4,492.81",,,,,3.59%
09-10-2018,"4,336.97",,,,,-0.34%
08-10-2018,"4,351.77",,,,,-1.86%
05-10-2018,"4,434.19",,,,,-2.37%
04-10-2018,"4,541.72",,,,,-1.52%
03-10-2018,"4,611.67",,,,,-0.74%
01-10-2018,"4,646.05",,,,,-0.14%
28-09-2018,"4,652.46",,,,,-2.03%
27-09-2018,"4,748.86",,,,,-2.25%
26-09-2018,"4,857.94",,,,,0.16%
25-09-2018,"4,850.14",,,,,-0.34%
24-09-2018,"4,866.61",,,,,-2.47%
21-09-2018,"4,989.91",,,,,-2.12%
19-09-2018,"5,097.92",,,,,-1.14%
18-09-2018,"5,156.96",,,,,-1.56%
17-09-2018,"5,238.73",,,,,-0.50%
14-09-2018,"5,265.03",,,,,1.35%
12-09-2018,"5,195.10",,,,,0.16%
11-09-2018,"5,186.64",,,,,-1.30%
10-09-2018,"5,255.01",,,,,-1.25%
07-09-2018,"5,321.71",,,,,0.81%
06-09-2018,"5,278.99",,,,,0.34%
05-09-2018,"5,261.01",,,,,-0.59%
04-09-2018,"5,292.32",,,,,-2.24%
03-09-2018,"5,413.43",,,,,-0.20%
31-08-2018,"5,424.50",,,,,0.36%
30-08-2018,"5,404.85",,,,,0.21%
29-08-2018,"5,393.78",,,,,0.15%
28-08-2018,"5,385.48",,,,,0.13%
27-08-2018,"5,378.37",,,,,1.11%
24-08-2018,"5,319.26",,,,,-0.37%
23-08-2018,"5,339.26",,,,,-0.38%
21-08-2018,"5,359.48",,,,,0.26%
20-08-2018,"5,345.39",,,,,0.37%
17-08-2018,"5,325.76",,,,,1.04%
16-08-2018,"5,271.20",,,,,-0.33%
14-08-2018,"5,288.45",,,,,0.99%
13-08-2018,"5,236.56",,,,,-0.71%
10-08-2018,"5,273.90",,,,,-0.62%
09-08-2018,"5,306.67",,,,,0.41%
08-08-2018,"5,284.94",,,,,0.07%
07-08-2018,"5,281.09",,,,,-0.32%
06-08-2018,"5,298.09",,,,,0.39%
03-08-2018,"5,277.64",,,,,0.90%
02-08-2018,"5,230.73",,,,,0.07%
01-08-2018,"5,226.83",,,,,0.21%
31-07-2018,"5,215.86",,,,,0.24%
30-07-2018,"5,203.25",,,,,0.34%
27-07-2018,"5,185.58",,,,,0.83%
26-07-2018,"5,142.83",,,,,0.23%
25-07-2018,"5,131.22",,,,,0.19%
24-07-2018,"5,121.30",,,,,1.72%
23-07-2018,"5,034.84",,,,,1.05%
20-07-2018,"4,982.70",,,,,0.90%
19-07-2018,"4,938.44",,,,,-0.64%
18-07-2018,"4,970.27",,,,,-0.76%
17-07-2018,"5,008.15",,,,,1.58%
16-07-2018,"4,930.38",,,,,-2.15%
13-07-2018,"5,038.82",,,,,-0.98%
12-07-2018,"5,088.74",,,,,-0.13%
11-07-2018,"5,095.11",,,,,-0.41%
10-07-2018,"5,116.10",,,,,1.00%
09-07-2018,"5,065.23",,,,,1.25%
06-07-2018,"5,002.87",,,,,0.52%
05-07-2018,"4,976.96",,,,,-0.41%
04-07-2018,"4,997.67",,,,,0.26%
03-07-2018,"4,984.66",,,,,0.38%
02-07-2018,"4,965.89",,,,,-0.45%
29-06-2018,"4,988.57",,,,,1.61%
28-06-2018,"4,909.51",,,,,-1.51%
27-06-2018,"4,984.93",,,,,-1.41%
26-06-2018,"5,056.33",,,,,-0.24%
25-06-2018,"5,068.48",,,,,-1.03%
22-06-2018,"5,121.04",,,,,0.23%
21-06-2018,"5,109.05",,,,,-0.55%
20-06-2018,"5,137.30",,,,,0.15%
19-06-2018,"5,129.70",,,,,-1.25%
18-06-2018,"5,194.68",,,,,-0.45%
15-06-2018,"5,218.34",,,,,-0.53%
14-06-2018,"5,246.03",,,,,0.02%
13-06-2018,"5,245.06",,,,,-0.27%
12-06-2018,"5,259.09",,,,,0.61%
11-06-2018,"5,227.15",,,,,0.14%
08-06-2018,"5,219.96",,,,,0.44%
07-06-2018,"5,197.34",,,,,1.33%
06-06-2018,"5,129.09",,,,,1.22%
05-06-2018,"5,067.21",,,,,-1.41%
04-06-2018,"5,139.55",,,,,-0.88%
01-06-2018,"5,185.09",,,,,-1.33%
31-05-2018,"5,254.95",,,,,-0.04%
30-05-2018,"5,257.00",,,,,0.10%
29-05-2018,"5,251.49",,,,,-0.14%
28-05-2018,"5,259.01",,,,,1.42%
25-05-2018,"5,185.58",,,,,1.50%
24-05-2018,"5,108.94",,,,,-0.11%
23-05-2018,"5,114.39",,,,,-0.55%
22-05-2018,"5,142.92",,,,,0.23%
21-05-2018,"5,131.36",,,,,-1.64%
18-05-2018,"5,216.70",,,,,-1.46%
17-05-2018,"5,293.96",,,,,0.18%
16-05-2018,"5,284.49",,,,,0.13%
15-05-2018,"5,277.43",,,,,-0.44%
14-05-2018,"5,300.63",,,,,-0.63%
11-05-2018,"5,334.04",,,,,0.26%
10-05-2018,"5,320.12",,,,,-1.01%
09-05-2018,"5,374.41",,,,,-0.37%
08-05-2018,"5,394.39",,,,,0.07%
07-05-2018,"5,390.45",,,,,0.66%
04-05-2018,"5,355.22",,,,,-0.42%
03-05-2018,"5,377.56",,,,,-1.04%
02-05-2018,"5,434.17",,,,,-1.21%
30-04-2018,"5,500.53",,,,,0.80%
27-04-2018,"5,456.74",,,,,0.52%
26-04-2018,"5,428.38",,,,,0.30%
25-04-2018,"5,412.05",,,,,-0.24%
24-04-2018,"5,425.22",,,,,0.06%
23-04-2018,"5,421.89",,,,,0.65%
20-04-2018,"5,386.95",,,,,-0.45%
19-04-2018,"5,411.23",,,,,0.58%
18-04-2018,"5,379.93",,,,,-0.20%
17-04-2018,"5,390.70",,,,,0.40%
16-04-2018,"5,369.47",,,,,0.71%
13-04-2018,"5,331.40",,,,,0.49%
12-04-2018,"5,305.35",,,,,-0.24%
11-04-2018,"5,318.35",,,,,0.14%
10-04-2018,"5,310.65",,,,,0.16%
09-04-2018,"5,301.98",,,,,0.32%
06-04-2018,"5,284.94",,,,,0.40%
05-04-2018,"5,263.71",,,,,1.89%
04-04-2018,"5,166.31",,,,,-0.97%
03-04-2018,"5,216.88",,,,,1.13%
02-04-2018,"5,158.35",,,,,1.54%
28-03-2018,"5,079.88",,,,,-0.58%
27-03-2018,"5,109.46",,,,,1.24%
26-03-2018,"5,046.72",,,,,1.24%
23-03-2018,"4,984.80",,,,,-1.42%
22-03-2018,"5,056.85",,,,,-0.62%
21-03-2018,"5,088.57",,,,,0.19%
20-03-2018,"5,079.03",,,,,0.09%
19-03-2018,"5,074.69",,,,,-1.63%
16-03-2018,"5,159.03",,,,,-1.13%
15-03-2018,"5,217.97",,,,,0.25%
14-03-2018,"5,204.99",,,,,0.12%
13-03-2018,"5,198.69",,,,,0.90%
12-03-2018,"5,152.08",,,,,0.93%
09-03-2018,"5,104.75",,,,,-0.34%
08-03-2018,"5,122.28",,,,,0.45%
07-03-2018,"5,099.34",,,,,-1.56%
06-03-2018,"5,180.14",,,,,-1.06%
05-03-2018,"5,235.86",,,,,-0.91%
01-03-2018,"5,283.68",,,,,-0.50%
28-02-2018,"5,310.40",,,,,0.10%
27-02-2018,"5,304.86",,,,,-0.30%
26-02-2018,"5,320.71",,,,,0.73%
23-02-2018,"5,281.99",,,,,1.56%
22-02-2018,"5,201.03",,,,,-0.22%
21-02-2018,"5,212.28",,,,,0.15%
20-02-2018,"5,204.47",,,,,-0.12%
19-02-2018,"5,210.50",,,,,-0.83%
16-02-2018,"5,254.21",,,,,-0.98%
15-02-2018,"5,306.16",,,,,-0.77%
14-02-2018,"5,347.51",,,,,0.03%
12-02-2018,"5,345.66",,,,,1.35%
09-02-2018,"5,274.40",,,,,0.29%
08-02-2018,"5,259.03",,,,,1.94%
07-02-2018,"5,158.90",,,,,0.70%
06-02-2018,"5,123.06",,,,,-1.62%
05-02-2018,"5,207.60",,,,,-0.39%
02-02-2018,"5,228.14",,,,,-4.01%
01-02-2018,"5,446.79",,,,,0.20%
31-01-2018,"5,435.96",,,,,-0.64%
30-01-2018,"5,471.09",,,,,-0.70%
29-01-2018,"5,509.47",,,,,-0.89%
25-01-2018,"5,558.68",,,,,-0.63%
24-01-2018,"5,593.72",,,,,-0.64%
23-01-2018,"5,629.55",,,,,0.52%
22-01-2018,"5,600.61",,,,,0.34%
19-01-2018,"5,581.39",,,,,1.07%
18-01-2018,"5,522.53",,,,,-1.58%
17-01-2018,"5,610.97",,,,,0.66%
16-01-2018,"5,574.21",,,,,-1.58%
15-01-2018,"5,663.90",,,,,0.08%
12-01-2018,"5,659.60",,,,,-0.17%
11-01-2018,"5,669.26",,,,,0.23%
10-01-2018,"5,656.10",,,,,-0.11%
09-01-2018,"5,662.28",,,,,-0.13%
08-01-2018,"5,669.73",,,,,0.74%
05-01-2018,"5,627.91",,,,,0.90%
04-01-2018,"5,577.88",,,,,0.91%
03-01-2018,"5,527.33",,,,,0.65%
02-01-2018,"5,491.48",,,,,-0.96%
01-01-2018,"5,544.87",,,,,-0.02%
29-12-2017,"5,545.91",,,,,0.72%
28-12-2017,"5,506.42",,,,,0.31%
27-12-2017,"5,489.13",,,,,0.10%
26-12-2017,"5,483.74",,,,,0.31%
22-12-2017,"5,466.62",,,,,0.24%
21-12-2017,"5,453.69",,,,,1.04%
20-12-2017,"5,397.80",,,,,0.50%
19-12-2017,"5,371.00",,,,,1.22%
18-12-2017,"5,306.23",,,,,0.67%
15-12-2017,"5,270.76",,,,,1.24%
14-12-2017,"5,206.31",,,,,-0.10%
13-12-2017,"5,211.37",,,,,-0.54%
12-12-2017,"5,239.82",,,,,-0.64%
11-12-2017,"5,273.44",,,,,0.28%
08-12-2017,"5,258.62",,,,,0.98%
07-12-2017,"5,207.44",,,,,1.12%
06-12-2017,"5,149.56",,,,,-0.89%
05-12-2017,"5,196.01",,,,,-0.02%